id,name,legal_name,alias1,alias2,alias3,phone,crunchbase_url,homepage_url,linkedin_url,twitter_url,facebook_url,instagram_handle,completeness_score,updated_at,SOURCE
6cd55bda-ad85-dd03-c385-572c12f7bc34,iCelebrate.com,,,,,,https://www.crunchbase.com/organization/icelebrate-com,http://www.iCelebrate.com,,,,,"0,5",13.02.2018 0:49:38,source1
104bd03f-91c9-4666-b74a-d7fda795c8cd,BioHemp,,,,,,https://www.crunchbase.com/organization/biohemp,https://www.biohempnaturals.com/,,,,,"0,5",11.04.2022 10:25:35,source1
a2c7210c-dc60-4a0b-a580-14db2dc9142f,12Tone Music,,,,,,https://www.crunchbase.com/organization/12tone-music,https://www.12tonemusicgroup.com/,,,,,"0,5",13.03.2023 4:56:58,source1
d6cf2e25-a742-0002-7ba2-5f735c974734,Market Quality Dashboard,,,,,,https://www.crunchbase.com/organization/market-quality-dashboard,https://www.mqdashboard.com/,,,,,"0,5",13.02.2018 0:37:08,source1
6aa10db6-dca6-4d78-b8ef-0feed3dd9413,Innovative Software Services,,,,,,https://www.crunchbase.com/organization/innovative-software-services,http://www.issi-central.com/,,,,,"0,5",19.07.2022 1:15:43,source1
25f5636c-0efd-4d79-bac8-445c3aacb740,LIVE STA.,,,,,,https://www.crunchbase.com/organization/live-sta,https://livesta.jp/,,,,,"0,5",04.03.2022 6:17:51,source1
037f613f-0829-d50e-c600-6530967685c4,Marketing Automation Institute,,,,,,https://www.crunchbase.com/organization/marketing-automation-institute,http://www.marketingautomationinstitute.com,,,,,"0,5",12.02.2018 23:35:54,source1
9962c175-f891-4318-a572-7004fa1017fa,Dedham Savings,,,,,,https://www.crunchbase.com/organization/dedham-savings,http://dedhamsavings.com,,,,,"0,5",31.07.2020 3:35:01,source1
4bad6013-fc47-594b-7c71-9af36bb4c957,Vivid Communications,,,,,,https://www.crunchbase.com/organization/vivid-communications,http://www.vividfirst.com,,,,,"0,5",17.02.2023 4:49:54,source1
8f706312-55bb-465d-baf6-1d7c5adb2923,URay,,,,,,https://www.crunchbase.com/organization/uray,https://uray.ai/,,,,,"0,5",01.07.2022 16:13:15,source1
882232f5-4627-00eb-e26e-3d2e38644b56,Holland George Capital Management,,,,,,https://www.crunchbase.com/organization/holland-george,https://www.hollandgeorgecap.com,,,,,"0,5",01.04.2023 15:51:51,source1
7bf2293d-e5f0-b6e1-d5d4-11cbb50f7c9a,Framework Technologies,,,,,,https://www.crunchbase.com/organization/framework-technologies,http://www.frametech.com,,,,,"0,5",05.12.2022 12:37:21,source1
529612d0-2d97-4d5c-b3e8-6f9003d216c4,Bitadata,,,,,,https://www.crunchbase.com/organization/bitadata,https://bitadata.co,,,,,"0,5",09.06.2022 3:25:45,source1
578c4a7c-12cc-addc-9829-5c2ca15e5e98,Quicksilver Ventures,,,,,,https://www.crunchbase.com/organization/quicksilver-vetures,http://quicksilverventures.com,,,,,"0,5",23.05.2022 10:09:11,source1
6f867153-1866-439e-a0b5-ed9e0ad7355d,ECSAv10 Dumps PDF Preparation Strategies You have to Know,,,,,,https://www.crunchbase.com/organization/ecsav10-dumps-pdf-preparation-strategies-you-have-to-know,https://www.certsstar.com/ECSAv10-pdf-questions.html,,,,,"0,5",06.06.2022 5:40:38,source1
35606c97-eff6-49de-87c8-e4c7a9612e03,Prime8,,,,,,https://www.crunchbase.com/organization/prime8,http://prime8.io/,,,,,"0,5",24.06.2019 21:26:24,source1
d00e93a2-fbde-bb3c-7f16-ac19974063ad,Huiying Chemical Xiamen Company,,,,,,https://www.crunchbase.com/organization/huiying-chemical-xiamen-company,http://www.xmzeolite.com,,,,,"0,5",25.03.2019 20:07:17,source1
62c5091f-3bd3-4882-8aad-79cc4b586456,Leaf VIP,,,,,,https://www.crunchbase.com/organization/leaf-vip,https://leaf.vip/,,,,,"0,5",05.04.2022 10:18:34,source1
fb352ef1-a25a-490c-8282-fef7cb027cdf,Milkbar Co,,,,,,https://www.crunchbase.com/organization/milkbar-co,http://themilkbar.co,,,,,"0,5",15.03.2022 5:23:17,source1
d3275fff-dac2-f34f-15ee-17fed3205320,Total Insurance Payments,,,,,416-606-3356,https://www.crunchbase.com/organization/total-insurance-payments,,,,,,"0,5",14.01.2021 15:08:34,source1
c72a9c0d-5772-ded7-9bc3-560e19097f68,Venture Coin,,,,,,https://www.crunchbase.com/organization/venture-coin,https://venturecoin.io/,,,,,"0,5",13.11.2020 21:58:20,source1
8a273da9-cd6d-4cd1-a2a0-9f8a5259c2e2,OG0-093 Exam Dumps,,,,,,https://www.crunchbase.com/organization/og0-093-exam-dumps,https://www.pdfdumps.in/OG0-093-exam-questions.html,,,,,"0,5",15.03.2022 10:28:10,source1
9eae3907-43bf-449b-a057-6bdeb2f2467f,Florida Lighting,Florida Lighting Inc.,,,,,https://www.crunchbase.com/organization/florida-lighting,,,,,,"0,5",15.09.2021 9:27:21,source1
2812de52-9915-4f83-9757-49ac5021d93f,Zhongzhihe Chuangtou,,众智合创投,深圳众智合创投资管理有限公司,,,https://www.crunchbase.com/organization/zhongzhihe-chuangtou,,,,,,"0,5",02.06.2020 4:03:59,source1
ae52c8aa-9e97-44ff-8450-152685a1ed75,Ranieri Partners,,,,,,https://www.crunchbase.com/organization/ranieri-partners,http://www.ranieripartners.com/home,,,,,"0,5",19.07.2022 3:02:42,source1
af5855a9-a947-9a89-14cb-c32dba026444,GoProd,,,,,,https://www.crunchbase.com/organization/goprod,http://www.goprod.fr,,,,,"0,5",24.06.2019 22:09:59,source1
8faa80ce-c416-1889-e7dc-5448afa65069,Transonika Mudanças e Transportes,,,,,,https://www.crunchbase.com/organization/transonika-mudancas-e-transportes,http://transonikamudancas.blogspot.com.br/,,,,,"0,5",12.02.2018 23:55:03,source1
223a1c9b-d619-a22e-5b86-d7959cf8bfb3,Outdoor Outlet LLC,,,,,(920)955-3633,https://www.crunchbase.com/organization/outdoor-outlet-llc,,,,,,"0,5",12.02.2018 23:57:30,source1
15a0d0e5-ab16-ca49-23a3-e0768bbc6d57,Skribe,,,,,,https://www.crunchbase.com/organization/skribe,http://itunes.apple.com/us/app/skribe/id789880072?mt=8,,,,,"0,5",19.09.2022 14:11:12,source1
dbdcfde5-746e-4e97-8986-f8d18f63a0a5,enadyne,,,,,,https://www.crunchbase.com/organization/enadyne,https://enadyne.de,,,,,"0,5",17.03.2023 7:15:01,source1
de94a07d-f2a9-1a73-eba1-84222981f540,Les Popotes,,,,,,https://www.crunchbase.com/organization/les-popotes-2,http://www.lespopotes.fr/,,,,,"0,5",25.03.2019 20:29:11,source1
c5f0ee8f-654b-1a39-bb3a-a9037bf9b86b,TechCafe,,,,,,https://www.crunchbase.com/organization/techcafe,http://www.techcafe.net/,,,,,"0,5",13.06.2022 5:38:33,source1
3cf6c22f-b719-ed10-10c6-41e857206ffe,SmartPoint,,,,,,https://www.crunchbase.com/organization/smartpoint,http://www.smartpoint.com/,,,,,"0,5",21.01.2021 4:59:40,source1
30aae3e9-85aa-475d-a210-53a6eb1a0b30,100% Exam Results With PSE-StrataDC Dumps PDF,,,,,,https://www.crunchbase.com/organization/100-exam-results-with-pse-stratadc-dumps-pdf,https://www.dumpsinsider.com/palo-alto-networks/PSE-StrataDC-test-simulator,,,,,"0,5",08.04.2022 10:56:00,source1
251bff08-78a6-4f4f-9494-3f86c254b2fb,GS Property Management Ltd.,,,,,,https://www.crunchbase.com/organization/gs-property-management-ltd,https://goodlifeproperty.ca/,,,,,"0,5",01.02.2023 4:23:25,source1
8cc8cb24-7a33-4dd6-b6c3-55ea67a83a9b,Joe Gibbs Racing,,,,,,https://www.crunchbase.com/organization/joe-gibbs-racing,http://joegibbsracing.com,,,,,"0,5",19.07.2022 1:35:40,source1
aecfc7d5-64fc-4f02-8724-74b0d4615c29,Sprightly Health,,,,,,https://www.crunchbase.com/organization/sprightly-health-5c29,https://sprightly.health,,,,,"0,5",06.05.2021 17:24:30,source1
1b51109e-f28a-4f37-8d05-c204ea3f1624,Flask Japan,,,,,,https://www.crunchbase.com/organization/flask-japan,http://flask.co.jp,,,,,"0,5",11.10.2019 21:24:55,source1
ce276bdb-cff1-485d-9504-93b8dc946ea3,PT0-002 PDF Dumps To Upgrade Your Experience,,,,,,https://www.crunchbase.com/organization/pt0-002-pdf-dumps-to-upgrade-your-experience,https://www.dumpschief.com/PT0-002-pdf-download.html,,,,,"0,5",24.06.2022 4:42:33,source1
0327b761-fc7e-e689-beda-27401e0592a2,DigitalWack,,,,,,https://www.crunchbase.com/organization/digitalwack,http://www.digitalwack.com/,,,,,"0,5",12.02.2018 23:30:18,source1
0acb532f-1f32-4862-a8fe-3034fa75e2c1,CLAICE,,,,,,https://www.crunchbase.com/organization/claice,http://www.claice.com/index.html,,,,,"0,5",06.10.2019 18:42:11,source1
6ad4fdc0-b503-81b5-5cad-829301e380fe,Wechieve,,,,,,https://www.crunchbase.com/organization/wechieve,http://wechieve.com,,,,,"0,5",12.02.2018 23:23:08,source1
d0f609f3-c428-b114-2b19-3a76d43f7054,New World Systems Corporation,,,,,,https://www.crunchbase.com/organization/new-world-systems-corporation,https://www.newworldsystems.com,,,,,"0,5",15.06.2022 5:24:02,source1
d4f96e06-564b-4431-bff5-8b70dd1b067a,Allset Business Solutions,,,,,,https://www.crunchbase.com/organization/allset-business-sollution,,https://www.linkedin.com/company/31124347,,,,"0,5",30.08.2022 12:54:29,source1
ff2dc075-4387-44ab-b7ca-d7ee1e6f05b3,"EMBL (European Molecular Biology Laboratory), Hamburg, Germany",,,,,,https://www.crunchbase.com/organization/embl-european-molecular-biology-laboratory-hamburg-germany,https://www.embl.org/sites/hamburg,,,,,"0,5",01.07.2022 15:22:00,source1
c5f44850-7eac-6f23-e1cb-6bd1499a6dda,Kumo,,,,,,https://www.crunchbase.com/organization/kumo,http://kumonetwork.com/,,,,,"0,5",25.01.2020 20:30:28,source1
a4005dc7-cd16-fe00-7cb1-632c0fcf0941,Samband Group,,,,,,https://www.crunchbase.com/organization/samband-group,http://sambandhgroup.page.tl,,,,,"0,5",13.06.2022 9:04:49,source1
d0e7bb0e-7cdd-4a33-af79-dd3a4cc3bc7f,Perfect Chance to Practice with BL0-200 PDF Dumps,,,,,,https://www.crunchbase.com/organization/perfect-chance-to-practice-with-bl0-200-pdf-dumps,https://www.braindumpsschool.com/nokia/BL0-200-dumps.html,,,,,"0,5",22.03.2022 7:22:00,source1
6e6b514b-99d8-4c96-975c-09e450e597b7,Elektrometal,,,,,011 / 33-47-000,https://www.crunchbase.com/organization/elektrometal-ad,,,,,,"0,5",05.07.2021 9:17:22,source1
533c67d9-0c8c-4c18-be9f-159a9edc1519,Yotaka,,,,,,https://www.crunchbase.com/organization/yotaka,http://www.yotaka.co.in/,,,,,"0,5",24.02.2023 11:27:10,source1
543f53f5-5d82-4621-a770-b92aab426290,Public Safety App,,,,,,https://www.crunchbase.com/organization/public-safety-app,https://www.publicsafetyapp.com/,,,,,"0,5",15.02.2023 12:29:02,source1
7610b23d-ddcb-0b0c-f7ad-b990e1611893,Board Professionals BPF Finland ry,,,,,,https://www.crunchbase.com/organization/board-professionals-bpf-finland-ry,https://boardprofessionals.fi/,,,,,"0,5",24.06.2019 22:08:50,source1
a9771b07-94d4-44e9-a5ae-fd996b6e7bae,PK0-004 PDF Dumps For Covering Each Exam Question,,,,,,https://www.crunchbase.com/organization/pk0-004-pdf-dumps-for-covering-each-exam-question,https://www.justcerts.com/comptia/pk0-004-practice-questions.html,,,,,"0,5",28.06.2022 9:19:56,source1
94b4a8be-cd9b-9675-6cf3-15d8f0299153,MyKidsCalendar,,,,,,https://www.crunchbase.com/organization/mykidscalendar,http://www.mykidscalendar.com,,,,,"0,5",13.02.2018 0:43:42,source1
8dc7add7-c767-69e2-3631-758058388ca2,Gemstar-TV Guide,,,,,,https://www.crunchbase.com/organization/gemstar-tv-guide,,https://www.linkedin.com/company/gemstar-tv-guide-marketing-llc/about/,,,,"0,5",03.11.2020 7:22:30,source1
dc93f9b8-d72a-4edb-bf5a-6ff9ae2656e6,HEC Ventures,,,,,,https://www.crunchbase.com/organization/hec-ventures,https://www.hecventures.com/,,,,,"0,5",19.02.2021 9:00:00,source1
5c3540f2-69ba-4ddd-a2b8-bec5175d17bc,Brown and Ayo,,,,,,https://www.crunchbase.com/organization/brown-and-ayo,https://brownandayo.com/,,,,,"0,5",08.03.2023 9:15:46,source1
1ac90fc8-a541-414d-a152-0601b52dc973,JN0-349 Dumps PDF Preparation Tips You might want to Know,,,,,,https://www.crunchbase.com/organization/jn0-349-dumps-pdf-preparation-tips-you-might-want-to-know,https://www.certsstar.com/JN0-349-pdf-questions.html,,,,,"0,5",27.03.2023 10:26:46,source1
f81628e4-4673-4940-836e-3e1e06546874,MedSemantix,,,,,,https://www.crunchbase.com/organization/medsemantix,http://www.medsemantix.com,,,,,"0,5",05.07.2018 15:35:09,source1
becc1c31-3fe1-4a16-b32c-9718b15625b8,Fogtown Brewing Company,,,,,,https://www.crunchbase.com/organization/fogtown-brewing-company,https://www.fogtownbrewing.com/,,,,,"0,5",16.03.2023 4:34:22,source1
dd640617-ddb3-35cb-940a-528607b70bfe,Hackplan,,,,,,https://www.crunchbase.com/organization/hackplan,http://hackplan.com/,,,,,"0,5",24.06.2019 22:06:27,source1
74ee133a-3cca-4417-bafd-421434533aeb,Sling Ventures,,,,,,https://www.crunchbase.com/organization/sling-ventures,,https://www.linkedin.com/company/sling-ventures/,,,,"0,5",02.03.2021 10:30:11,source1
e37a6394-6a13-e702-fda5-bcfba7fe7947,metrics institute,,,,,,https://www.crunchbase.com/organization/metrics-institute,http://www.excel-premiumutilities.com,,,,,"0,5",13.02.2018 0:01:01,source1
06c7effd-e93c-40d9-8553-34501faaed7f,Laplace Systems,,,,,,https://www.crunchbase.com/organization/laplace-systems,http://www.lapsys.co.jp/,,,,,"0,5",15.10.2019 4:37:15,source1
752ee67d-82c7-4f63-9d75-fa297141d182,Realty Postcard,,,,,,https://www.crunchbase.com/organization/realty-postcard,http://www.realtypostcard.com,,,,,"0,5",03.08.2018 6:40:58,source1
fb2dad49-5f82-27c9-bbf7-735c799f73af,Times Machines,,,,,,https://www.crunchbase.com/organization/times-machines,,,https://twitter.com/Times_Machines,,,"0,5",12.02.2018 23:13:51,source1
4d0266c9-bc39-6906-55c4-cd330b6ea81d,Osmio,,,,,(646) 497-0686,https://www.crunchbase.com/organization/osmio,,,,,,"0,5",26.01.2022 18:26:01,source1
ab1e7e99-18c8-93f1-63b3-55c53b7b24f9,OJO internet,,,,,,https://www.crunchbase.com/organization/ojo-internet,,https://www.linkedin.com/company/ojo-internet-s.l./,,,,"0,5",14.01.2019 5:40:37,source1
88618932-7a85-4fb9-aa9c-8b087c3d8b34,Xiamen Qingwa Juncheng Venture Capital,,厦门青瓦君成创业投资有限公司,,,,https://www.crunchbase.com/organization/xiamen-qingwa-juncheng-venture-capital,,,,,,"0,5",13.07.2020 11:11:34,source1
7d72f854-a83c-460a-b448-2fdea20aa964,Lingyi Touzi,,岭易投资,广州岭易投资管理有限公司,,,https://www.crunchbase.com/organization/lingyi-touzi,,,,,,"0,5",04.06.2020 9:12:19,source1
5c62e2c2-ec76-d01e-a7b8-82fa35483ba4,Redeemr,,,,,,https://www.crunchbase.com/organization/redeemr-inc,http://www.redeemr.com,,,,,"0,5",24.06.2019 22:04:43,source1
3684efac-54db-45f8-8bb2-6bdf2f4bc107,seedive,,,,,,https://www.crunchbase.com/organization/seedive,http://seedive.co.jp/,,,,,"0,5",17.07.2020 0:50:07,source1
f09fc95c-ae30-4b14-af75-54ee69f76446,AND-802 Dumps PDF - Recommendations You don't Hear Anywhere Else,,,,,,https://www.crunchbase.com/organization/and-802-dumps-pdf-recommendations-you-don-t-hear-anywhere-else,https://www.certsstar.com/AND-802-pdf-questions.html,,,,,"0,5",04.06.2022 10:14:12,source1
393ce857-1869-4c25-a1e9-78cb2421f56e,Want to Get Visionary HPE6-A47 PDF Dumps,,,,,,https://www.crunchbase.com/organization/want-to-get-visionary-hpe6-a47-pdf-dumps,https://www.dumpsvision.com/HPE6-A47-test.html,,,,,"0,5",14.05.2022 6:31:02,source1
e9a4feb5-1d0e-43c2-20b9-0070ba93a97f,Corazones.com,,,,,,https://www.crunchbase.com/organization/corazones-com,http://corazones.com/,,,,,"0,5",06.02.2023 11:08:22,source1
06cf29ff-fb68-4dc0-9ec8-f835147411f5,Travel Department,,,,,,https://www.crunchbase.com/organization/travel-department,https://www.traveldepartment.co.uk/,,,,,"0,5",16.04.2018 13:27:21,source1
a7822923-15da-ae39-6d7a-5799d412c7bb,Piramed,,,,,,https://www.crunchbase.com/organization/piramed,http://www.piramed.com/,,,,,"0,5",16.01.2021 5:31:06,source1
d42c38fe-e50a-0a9a-e747-7af43f467ad3,Stroodle,,,,,,https://www.crunchbase.com/organization/stroodle,http://www.stroodle.it,,,,,"0,5",24.06.2019 22:08:30,source1
ae56524b-a3d6-2d6b-a93c-e44015626cb4,AgentGO,,,,,,https://www.crunchbase.com/organization/agentgo,http://www.agentgo.com/,,,,,"0,5",09.12.2019 18:12:44,source1
82aa1d10-18ae-44ca-b049-f4fd0222806f,Colliers International Middle East,,,,,,https://www.crunchbase.com/organization/colliers-international-middle-east,https://www2.colliers.com/en-AE/About,,,,,"0,5",26.07.2019 5:40:59,source1
72e982a3-7520-46d1-bbd5-2542a0ca5327,GLOBAL SPORTS INTEGRITY LTD,,,,,,https://www.crunchbase.com/organization/global-sports-integrity-ltd,http://www.globalsportsintegrity.com,,,,,"0,5",06.03.2023 4:50:13,source1
89e16ca0-3bc6-0a18-05de-f45f3c6f3b52,BankEdge,,,,,,https://www.crunchbase.com/organization/bankedge-2,https://bankedge.com,,,,,"0,5",12.02.2018 23:47:17,source1
32f3199e-cb3a-9884-9073-c758a99b527a,Northeast Angels,,,,,,https://www.crunchbase.com/organization/northeast-angels,http://www.northeastangels.com/,,,,,"0,5",12.02.2018 23:54:11,source1
00670a67-7d79-1489-1dd1-88ea93af67b0,KIIT,,,,,,https://www.crunchbase.com/organization/kiit,http://kiittnp.in/tnp/usr/index.php,,,,,"0,5",12.02.2018 23:42:39,source1
83626046-aafa-291b-c4a6-b3d8508124b2,BayState Super Center,,,,,,https://www.crunchbase.com/organization/baystate-super-center,http://www.baystatesupercenter.com/,,,,,"0,5",12.02.2018 23:57:50,source1
7775844e-546a-85f3-361d-c96ccd81c640,AssetGlobe,,,,,,https://www.crunchbase.com/organization/assetglobe,http://www.AssetGlobe.com,,,,,"0,5",24.06.2019 21:24:00,source1
75b31c5b-df09-ae16-dd05-73f957e1e6eb,IEEE India Council,,,,,,https://www.crunchbase.com/organization/ieee-india-council,http://www.ewh.ieee.org/r10/india_council/,,,,,"0,5",25.03.2023 10:21:25,source1
6e9d4756-e00a-4637-90c0-6be672935afb,Hula Hoop Ratgeber,,,,,,https://www.crunchbase.com/organization/hula-hoop-ratgeber,https://hula-hoop-ratgeber.de,,,,,"0,5",29.04.2020 21:35:57,source1
1831da2e-7854-4cf3-a06a-35f011e8dbb3,TestCollections Very Best SnowPro-Core Dumps PDF,,,,,,https://www.crunchbase.com/organization/testcollections-very-best-snowpro-core-dumps-pdf,https://www.testcollections.com/SnowPro-Core.html,,,,,"0,5",29.03.2022 7:02:08,source1
e6f79960-e012-92a0-4a7e-9bdc7aeaf55e,Fantsy.me,,,,,,https://www.crunchbase.com/organization/fantsy-me,http://www.fantsy.me,,,,,"0,5",03.03.2022 11:24:53,source1
6473a9f4-cac7-75d5-3269-c6100de19515,Dubai Silicon Oasis Authority,,,,,,https://www.crunchbase.com/organization/dubai-silicon-oasis-authority,https://www.dsoa.ae,,,,,"0,5",12.02.2018 23:55:10,source1
9a4048fd-0899-40c7-9648-927788abeb99,SmiLe Inject Capital,,,,,,https://www.crunchbase.com/organization/smile-inject-capital,https://www.smileincubator.life/inject/,,,,,"0,5",22.03.2022 13:25:50,source1
17b2cf91-deee-4dd3-954f-ef4577f3b0df,KickStart Management,,Atempo-Wooxo Group,,,,https://www.crunchbase.com/organization/kickstart-management,,,,,,"0,5",05.04.2021 15:32:12,source1
16bd26c3-1a1b-4c46-a64c-2b147905fde1,CP Alliance,,,,,,https://www.crunchbase.com/organization/cp-alliance-fde1,,https://www.linkedin.com/company/cpalliance%E2%84%A2,,,,"0,5",30.12.2022 10:30:34,source1
089e6bd3-a988-4b01-89fa-6039a3308b8c,Shenli Ziben,,神骊资本管理（北京）有限公司,神骊资本,,,https://www.crunchbase.com/organization/shenli-ziben,,,,,,"0,5",27.09.2020 13:07:52,source1
f4dbc554-37e3-9166-261d-93a830c2e5d9,Knowledgeworkz,,,,,,https://www.crunchbase.com/organization/knowledgeworkz,http://knowledgeworkz.com/,,,,,"0,5",24.06.2019 21:42:44,source1
a493359d-ac16-4405-b363-4b8797edfa8c,Guaranteed Good Results with CIS-SM Exam Dumps,,,,,,https://www.crunchbase.com/organization/guaranteed-good-results-with-cis-sm-exam-dumps,https://www.examguarantee.com/practice-CIS-SM-questions,,,,,"0,5",30.05.2022 8:09:32,source1
0b6784bc-b37e-4382-83d2-dd262a919b97,CPM Medical Consultants LLC,,,,,"972-354-5566

",https://www.crunchbase.com/organization/cpm-medical-consultants-llc,,,,,,"0,5",12.02.2018 23:24:02,source1
ce2a3238-d765-40ef-825b-aa7a81eb4da2,iXs,,,,,,https://www.crunchbase.com/organization/ixs,https://www.ixs.co.jp/,,,,,"0,5",01.05.2020 11:54:16,source1
764e1f3c-07d5-4555-9726-db102f4f6975,LinuxTeck,,,,,,https://www.crunchbase.com/organization/linuxteck,https://www.linuxteck.com/,,,,,"0,5",23.05.2022 6:43:15,source1
1660e5c9-91fd-8cd5-cd27-c0bee1c003a9,Appleseed Funding,,,,,,https://www.crunchbase.com/organization/appleseed-funding,http://www.appleseedfunding.com,,,,,"0,5",08.03.2022 4:17:29,source1
b5846eab-252f-c237-47f0-7ab272eec734,ORB Communications & Marketing,,,,,,https://www.crunchbase.com/organization/orb-communications-marketing,http://www.orb.net,,,,,"0,5",19.01.2021 6:28:43,source1
04911714-8f1a-4709-9ac2-4abe25735bf3,Short of Time? Try 98-365 Exam Dumps [2022],,,,,,https://www.crunchbase.com/organization/short-of-time-try-98-365-exam-dumps-2022,https://www.certsmarket.com/98-365-mock-test,,,,,"0,5",11.03.2022 6:57:51,source1
38debee5-6b3c-162e-96fe-c93f1d5b130a,Style Eyes,,,,,,https://www.crunchbase.com/organization/style-eyes,http://www.style-eyes.eu,,,,,"0,5",16.04.2021 6:09:13,source1
56a92d7e-7144-4dbe-9bb6-32c962378c9f,Operation Decisive Victory,,,,,,https://www.crunchbase.com/organization/operation-decisive-victory,https://www.operationdv.com/,,,,,"0,5",29.01.2021 14:52:40,source1
1c905514-8d12-4fb8-a52c-5421e7a19b0d,DES-1221 PDF Dumps To Prepare Exam Easily,,,,,,https://www.crunchbase.com/organization/des-1221-pdf-dumps-to-prepare-exam-easily,https://www.dumpschief.com/DES-1221-pdf-download.html,,,,,"0,5",24.06.2022 5:49:07,source1
f625ac7e-748c-450c-9579-8652b1026896,Looking For Prominent ITIL-4-Foundation PDF Dumps?,,,,,,https://www.crunchbase.com/organization/looking-for-prominent-itil-4-foundation-pdf-dumps,https://www.braindumpsschool.com/peoplecert/ITIL-4-Foundation-dumps.html,,,,,"0,5",22.03.2022 9:44:30,source1
b8876a43-a425-457d-8c4b-9157d897b028,HypNoTic Games,,,,,,https://www.crunchbase.com/organization/hypnotic-games,https://hypnoticgames.wixsite.com/,,,,,"0,5",09.11.2021 8:04:48,source1
eb082cf0-beb6-4c9f-87be-081a5003b0c4,Soft Labs Na,,,,,,https://www.crunchbase.com/organization/soft-labs-na,http://www.softlabsna.com/,,,,,"0,5",19.07.2022 1:01:30,source1
98f3c47d-ab9a-4ab8-b8bc-49b86beffb3a,MShost,,,,,,https://www.crunchbase.com/organization/mshost,https://mshost.dk/,,,,,"0,5",24.06.2021 4:44:24,source1
68aa07d1-8f4d-bf43-9dca-8cea7b3ec6ca,SafeCom,,,,,(454)436-0240,https://www.crunchbase.com/organization/safecom,,,,,,"0,5",24.06.2019 21:25:22,source1
2cad4e2b-2196-4476-95ea-5d0bb475aeb2,Turntable LIVE (tt.live) — TTFM Labs,,,,,,https://www.crunchbase.com/organization/turntable-live-tt-live-ttfm-labs,http://www.turntablelive.com/,,,,,"0,5",21.05.2022 7:11:32,source1
4251b61b-37da-42dc-b9e0-41f6601541f9,El País Retina,,,,,,https://www.crunchbase.com/organization/el-país-retina,https://retina.elpais.com/,,,,,"0,5",13.02.2020 6:08:56,source1
e208a855-4efa-4e37-8016-8e081731db3d,Heinsberger Unternehmernetzwerk,,,,,,https://www.crunchbase.com/organization/heinsberger-unternehmernetzwerk,https://www.heinsberger-unternehmernetzwerk.de/,,,,,"0,5",14.07.2020 17:20:16,source1
4c564cbb-b324-4310-8c43-105ca4e7e159,Perfect DES-6332 Dumps PDF for Short Prep,,,,,,https://www.crunchbase.com/organization/perfect-des-6332-dumps-pdf-for-short-prep,https://www.produmps.com/DES-6332-questions.html,,,,,"0,5",31.03.2022 10:11:26,source1
5beaafcd-4563-489c-a607-45aa9573b5e5,3SOFT GmbH,3SOFT GmbH,,,,,https://www.crunchbase.com/organization/3soft-gmbh,,,,,,"0,5",09.07.2020 12:30:58,source1
4b71b3fc-40fa-4052-b5da-1b9027ff3343,TDA Research,,,,,,https://www.crunchbase.com/organization/tda-research,http://tda.com,,,,,"0,5",29.07.2020 5:42:51,source1
6d2c3ebc-4048-4079-9aac-5d99fa52e503,Block Applied Technologies,,,,,,https://www.crunchbase.com/organization/block-applied-technologies,https://blockapplied.com,,,,,"0,5",03.05.2022 7:55:30,source1
d9d06cb5-f131-4ab9-a124-f95f48f2dc76,The Right Work For You,,,,,,https://www.crunchbase.com/organization/the-right-work-for-you,http://www.therightworkforyou.com/,,,,,"0,5",24.05.2019 11:18:21,source1
3b3af90f-2116-425c-898e-a99cf478ee06,NS0-175 Exam Dumps,,,,,,https://www.crunchbase.com/organization/ns0-175-exam-dumps,https://www.pdfdumps.in/NS0-175-exam-questions.html,,,,,"0,5",15.03.2022 7:19:22,source1
b02d3eb5-9821-450c-bd01-d87f4991ce64,PineCone Apps,,,,,,https://www.crunchbase.com/organization/pinecone-apps,http://www.pineconeapps.com,,,,,"0,5",02.04.2022 7:06:47,source1
4daddbae-7adb-4510-bd80-b46e84cd5350,Hera&Me,,,,,,https://www.crunchbase.com/organization/hera-me,http://www.heraandme.com,,,,,"0,5",04.05.2022 6:16:41,source1
c2bd2da9-6e76-4fc8-8b9a-ab8c840e6c0b,Fortune Academy Of Real Estate,,,,,,https://www.crunchbase.com/organization/fortune-academy-of-real-estate,http://www.fortuneacademy.com,,,,,"0,5",21.12.2022 5:42:40,source1
e7237ef6-6a0b-a103-7155-06f5555575a2,Megafund,,,,,,https://www.crunchbase.com/organization/megafund,http://www.megafundco.com,,,,,"0,5",23.05.2022 13:41:03,source1
4ca7ba91-11bc-479b-9134-699553b86f4a,Utilize C_S4FCF_2020 Exam Dumps For Prep,,,,,,https://www.crunchbase.com/organization/utilize-c-s4fcf-2020-exam-dumps-for-prep,https://www.certsmate.com/sap/C_S4FCF_2020-dumps.html,,,,,"0,5",14.04.2022 7:00:36,source1
ef0f88cf-b362-497b-94d4-fb2d1e7907eb,Freshkart,,,,,,https://www.crunchbase.com/organization/freshkart,https://www.freshkart/io,,,,,"0,5",14.02.2023 10:13:48,source1
65743809-fa09-4c9a-87d1-27b823f9a3db,G.P. Barich Insurance Agency,"G.P. Barich Insurance Agency, Inc.",,,,,https://www.crunchbase.com/organization/g-p-barich-insurance-agency,,,,,,"0,5",08.02.2019 6:57:51,source1
f260fb67-9c77-d837-f8d8-e12d184a55d1,eSolver,,,,,,https://www.crunchbase.com/organization/esolver,http://www.esolver.com,,,,,"0,5",25.03.2019 20:47:24,source1
339f542c-8960-35f8-d30f-9aec52e7037f,The Connections Group,,,,,,https://www.crunchbase.com/organization/the-connections-group,http://www.connectionsgroup.org,,,,,"0,5",19.07.2022 3:02:06,source1
1af533a5-0a8f-5ee6-b28a-3603dd23d67f,ECT LTD shower drain covers UK,,,,,,https://www.crunchbase.com/organization/ect-ltd-shower-drain-covers-uk,http://www.showerdrainsuk.co.uk/,,,,,"0,5",01.06.2022 2:59:05,source1
a72d3402-664d-4acf-82c0-fc2706d7c1fa,Cuponatic Latam,Cuponatic Latam,,,,,https://www.crunchbase.com/organization/cuponatic-latam,,https://www.linkedin.com/company/cuponatic/,,,,"0,5",17.05.2022 3:55:30,source1
e96a7fb6-f752-4463-8917-1855e4f69a49,Century 21 Martinez and Associates,,,,,,https://www.crunchbase.com/organization/century-21-martinez-and-associates,http://c21-ma.com,,,,,"0,5",10.08.2020 9:02:53,source1
d84f7486-1ec1-43d7-9d8f-5c8b8dea4254,"LONTOR HI-TECH DEV CO., LTD",,,,,,https://www.crunchbase.com/organization/lontor-hi-tech-dev-co-ltd,http://www.lontorpays.com.ng,,,,,"0,5",18.06.2022 7:21:38,source1
1fe8b4e4-75a7-47cd-8bb6-60f58fe3f0bb,"Fenix Development, Inc.",,,,,,https://www.crunchbase.com/organization/fenix-development-inc,http://fenixdevelopmentinc.com/,,,,,"0,5",04.03.2022 5:02:01,source1
0dd0318a-9585-988d-f35a-ad566e976b51,Rebase,,,,,,https://www.crunchbase.com/organization/rebase,https://www.rebase.com.au/,,,,,"0,5",25.03.2019 19:49:59,source1
f95d4b31-0108-36f1-b22f-f82784588569,CAPSPeople,,,,,,https://www.crunchbase.com/organization/capspeople,http://www.capspeople.com,,,,,"0,5",12.05.2022 7:42:30,source1
591978ac-6c6d-4029-a4eb-3f4d076bb415,Simple Food App,,,,,,https://www.crunchbase.com/organization/simple-food-app,https://www.simplefoodapp.com.au/more-about,,,,,"0,5",08.03.2023 7:43:51,source1
3ca6f56c-7147-41b3-a915-e08158332de8,Nordic Booster,,,,,,https://www.crunchbase.com/organization/nordic-booster,https://www.nordicbooster.com/home,,,,,"0,5",20.10.2022 16:18:04,source1
3052d7d3-6dd4-c683-3268-21f294129e83,APEXn,,,,,,https://www.crunchbase.com/organization/apexn,http://www.apexn.com.au/,,,,,"0,5",17.03.2022 7:25:50,source1
b93a07e6-ebda-41b3-97f2-22b60333908f,General Robotics,,,,,,https://www.crunchbase.com/organization/general-robotics-908f,http://www.generalrobotics.co.uk/,,,,,"0,5",09.03.2018 7:28:13,source1
5ecaf818-9ebb-4428-b862-98a46dd26d8e,Leasingfy,,,,,,https://www.crunchbase.com/organization/leasingfy,https://leasingfy.com,,,,,"0,5",21.03.2023 8:42:40,source1
a7f9ff08-16cf-40eb-ab4f-0eff322f9276,Pharmaceutical Product Development Associates,"Pharmaceutical Product Development Associates, LLC",,,,,https://www.crunchbase.com/organization/pharmaceutical-product-development-associates,,,,,,"0,5",01.02.2023 2:15:53,source1
17216335-2ced-a49c-f5cf-acbe3df2a6d4,Disrupt CK,,Bobbli,,,,https://www.crunchbase.com/organization/disrupt-ck,,,,,,"0,5",11.04.2021 6:13:32,source1
d8b634ff-3e30-431a-da13-7f36741c5e10,KelAda Pharmachem,,,,,,https://www.crunchbase.com/organization/kelada-pharmachem,http://www.keladapharmachem.com,,,,,"0,5",18.09.2020 9:18:42,source1
f9e6999d-00c5-4541-959f-ef0d4fb79785,AFE Dumps PDF with Passing Assurance,,,,,,https://www.crunchbase.com/organization/afe-dumps-pdf-with-passing-assurance,https://www.examschief.com/AFE.html,,,,,"0,5",02.06.2022 6:55:56,source1
7a27adb1-542a-4f6b-83be-bf403d76fe48,Qianyan Touzi,,千演投资,海千演蓝盾投资合伙企业（有限合伙）,,,https://www.crunchbase.com/organization/qianyan-touzi,,,,,,"0,5",01.06.2020 14:33:37,source1
f42b31da-2486-4e14-8642-802c79b5059e,SAP Discovery Center,,,,,,https://www.crunchbase.com/organization/sap-discovery-center,,,https://discovery-center.cloud.sap,,,"0,5",24.03.2023 4:52:30,source1
cecd2981-65b3-4c37-8de5-cc5ea1b33a97,PFDeNA,,,,,,https://www.crunchbase.com/organization/pfdena,https://pfdena.com/,,,,,"0,5",06.10.2019 19:42:30,source1
4ee72d01-c7dd-41c1-9f0f-c3841dcc0494,AuroPro Systems,,,,,,https://www.crunchbase.com/organization/auropro-systems,http://auropro.com,,,,,"0,5",19.07.2022 1:33:03,source1
c6e1059e-b0e8-4127-86f6-e3cfc11e7a63,Powerful C_TPLM22_67 PDF Dumps,,,,,,https://www.crunchbase.com/organization/powerful-c-tplm22-67-pdf-dumps,https://www.prepare4sure.com/C_TPLM22_67-braindump.html,,,,,"0,5",24.05.2022 7:28:56,source1
447cb491-3fe2-1a0b-d73e-d827e578a13d,Axion Ventures Inc.,,,,,,https://www.crunchbase.com/organization/axion-pacific-capital,http://www.axionventures.com,,,,,"0,5",22.05.2020 20:43:42,source1
55a7ea7d-b7c9-ac9c-11f6-84e932eb7038,Grüne Tatze,,,,,,https://www.crunchbase.com/organization/grüne-tatze,http://www.gruenetatze.ch/,,,,,"0,5",12.02.2018 23:55:38,source1
5fca1f76-a105-4d28-a2b7-28273702fe0c,Opna Bio,,,,,,https://www.crunchbase.com/organization/opna-bio,https://www.opnabio.com/,,,,,"0,5",18.01.2023 3:39:54,source1
4965da9c-a802-48f9-ab9a-18699dbc71b4,Rebuy Engine San Diego,,,,,,https://www.crunchbase.com/organization/rebuy-engine-san-diego,https://rebuyengine.com,,,,,"0,5",29.03.2023 11:14:10,source1
95aaa74d-0fa4-0a91-2422-adeb3e278788,PayServices Inc.,,,,,,https://www.crunchbase.com/organization/payservices-inc,http://www.payservices.com,,,,,"0,5",28.04.2018 7:59:49,source1
a44972fa-562b-55cb-1a54-761fb9ac0d63,mShop,,,,,,https://www.crunchbase.com/organization/mshop,http://mshop.me/,,,,,"0,5",13.06.2022 9:05:15,source1
7a29d9d3-4926-4191-9017-8e6798a8d49a,DisruptAD,,,,,,https://www.crunchbase.com/organization/disruptad,https://www.disruptad.ae/,,,,,"0,5",01.02.2022 14:23:14,source1
b35140ab-3096-4a4a-a1d2-4491074110d2,Chilliwack Bingo Association,,,,,,https://www.crunchbase.com/organization/chilliwack-bingo-association,https://www.chilliwackbingo.com,,,,,"0,5",20.04.2022 9:48:29,source1
7f927576-b668-14ae-82a3-3dca03d4580b,Bay Ship & Yacht,,,,,,https://www.crunchbase.com/organization/bay-ship-yacht,http://www.bay-ship.com/,,,,,"0,5",25.03.2019 20:40:34,source1
15595a8c-08b5-43ad-8c64-893e6407af0e,ChannelSense,ChannelSense LLC.,,,,,https://www.crunchbase.com/organization/channelsense,,,,,,"0,5",25.02.2021 6:23:29,source1
6ec193d8-7efb-4d61-8990-2d4b4e28a2c0,Effortlessly Prep With CCSP Dumps PDF Offered by BrainDumpsStore,,,,,,https://www.crunchbase.com/organization/effortlessly-prep-with-ccsp-dumps-pdf,https://www.braindumpsstore.com/isc2/ccsp-dumps,,,,,"0,5",28.07.2022 12:35:46,source1
9caec616-d02f-4dfc-9fef-3d695043ebb8,Eastoir Ventures,,,,,,https://www.crunchbase.com/organization/eastoir-ventures,https://www.eastoir.com,,,,,"0,5",22.06.2020 22:05:44,source1
337ee181-a137-6b3b-6ce5-6a068efba664,FamilyPoint,,,,,,https://www.crunchbase.com/organization/familypoint,http://www.familypoint.com/,,,,,"0,5",05.04.2022 8:53:58,source1
eedc2f75-9bc9-402c-86fa-fe1bd722920a,Pursue Fitness,,,,,,https://www.crunchbase.com/organization/pursue-fitness,https://www.pursuefitness.co.uk/,,,,,"0,5",01.01.2020 1:53:06,source1
9f28717c-0970-4d35-b0a2-05151e26f9e3,"FUJIFILM SonoSite, Inc.",,,,,,https://www.crunchbase.com/organization/president-and-coo,https://www.sonosite.com/,,,,,"0,5",17.05.2022 8:06:02,source1
8c8d2bdc-43f7-6b72-dcee-30914fb48d0a,Luna,,,,,,https://www.crunchbase.com/organization/luna-3,http://luna.ai,,,,,"0,5",19.12.2022 14:16:05,source1
5d7abedb-8720-b9a2-9fbc-e2fa461c9572,PriceDrag,,,,,,https://www.crunchbase.com/organization/pricedrag,http://www.price.dr.ag,,,,,"0,5",12.02.2018 23:36:46,source1
8255707c-eb9c-4e82-9da5-6fe939795e0b,CURED,"CURED Co., Ltd.",,,,,https://www.crunchbase.com/organization/cured-5e0b,,,,,,"0,5",22.07.2021 1:13:02,source1
c36386b9-c637-4e85-9321-1ef2e3966123,3V0-752 PDF Dumps For Covering Every Exam Question,,,,,,https://www.crunchbase.com/organization/3v0-752-pdf-dumps-for-covering-every-exam-question,https://www.dumpsnetwork.com/3V0-752-pdf-dumps.html,,,,,"0,5",13.06.2022 11:05:20,source1
8edfb792-fb7c-41c9-bf9f-4d70e829b8c9,Aftersessions,,,,,,https://www.crunchbase.com/organization/aftersessions,,,http://www.twitter.com/aftersessions_,,,"0,5",04.01.2021 20:24:01,source1
06994328-1965-4eb6-96ec-c2be22b63548,Mentium,,,,,,https://www.crunchbase.com/organization/mentium,http://www.mentium.tech,,,,,"0,5",23.02.2023 10:14:11,source1
3ff4632a-682e-4375-b98a-3148e9a7325c,MRL Servicios,,,,,,https://www.crunchbase.com/organization/mrl-servicios,https://mrlservicios.com/,,,,,"0,5",27.01.2022 10:10:46,source1
bb0f27f7-977e-4dc9-acd7-49ee02a37829,InElint Security,,,,,,https://www.crunchbase.com/organization/inelint-security,https://inelint.com/,,,,,"0,5",31.03.2022 8:08:21,source1
65837dcd-8cb0-bc9a-6fd8-2dc1777d24a3,THE CLIP,,,,,,https://www.crunchbase.com/organization/the-clip,http://theclip.jp/,,,,,"0,5",12.02.2018 23:42:07,source1
80cc8c35-3338-4e10-813e-1162f20842ce,Etherspot,,,,,,https://www.crunchbase.com/organization/etherspot,https://etherspot.io/,,,,,"0,5",22.03.2023 11:20:57,source1
668f5006-85dd-4c07-b18d-065c7ebfbd87,qtpie,,,,,,https://www.crunchbase.com/organization/qtpie,https://qtpie.eu/,,,,,"0,5",14.02.2023 8:49:25,source1
b4f1e461-7a07-4521-839d-a585b78eca78,Funasdalsberget,,,,,,https://www.crunchbase.com/organization/funasdalsberget,http://www.funasdalsberget.se,,,,,"0,5",04.04.2018 10:12:02,source1
1635b48a-4ec8-435d-9587-9e2a3dd52548,The Cheers magazine,,,,,,https://www.crunchbase.com/organization/the-cheers-magazine,http://www.thecheers.org,,,,,"0,5",06.07.2018 11:36:13,source1
ca5f2f97-feaa-4e42-82b0-0258cf022d49,Pictosphere,,,,,,https://www.crunchbase.com/organization/pictosphere,https://www.pictosphere.com/,,,,,"0,5",14.02.2020 1:21:54,source1
f1e80627-e8e4-e758-d14a-9ea2d150b30c,DumpsExpert All Certification Vendors,,,,,,https://www.crunchbase.com/organization/assignment-writing-service,https://www.dumpsexpert.com/vendors.html,,,,,"0,5",02.07.2021 6:40:56,source1
7b7dab17-69c4-4e59-a60e-5e4b72ba8b36,Meeting Bot,,,,,,https://www.crunchbase.com/organization/engage-8b36,http://www.meeting-bot.com,,,,,"0,5",30.05.2022 4:06:50,source1
0827c4a9-6473-477f-9b01-1d17a1e7dc99,emost AG,,,,,,https://www.crunchbase.com/organization/emost-ag,https://www.emost.ch/,,,,,"0,5",27.03.2023 16:43:48,source1
a47dd0b6-4c43-4364-9d08-9f8bde72da22,Pass Exam with Updated ISFS Exam Dumps,,,,,,https://www.crunchbase.com/organization/pass-exam-with-updated-isfs-exam-dumps,https://www.dumpspartner.com/ISFS-cheat-sheet,,,,,"0,5",07.05.2022 7:37:34,source1
fa8e9115-1909-c803-cdc8-1a45377a6e6e,Silentwaters,,,,,,https://www.crunchbase.com/organization/silentwaters,http://www.silent-waters.com/,,,,,"0,5",15.06.2022 9:03:26,source1
060322a5-cabe-54cc-273a-1a01a24ef41c,Advanced Composites,,,,,,https://www.crunchbase.com/organization/advanced-composites,http://www.advancedcomps.com/,,,,,"0,5",13.02.2018 0:40:05,source1
99adafcd-fdaa-ee08-1810-6af67a719c3d,Canvas Labs,,,,,,https://www.crunchbase.com/organization/canvas-labs,http://www.canvasnotes.io,,,,,"0,5",26.03.2022 1:28:36,source1
8ac56337-c8f1-468a-b598-2482e815102c,CUPROD Sp. z o.o.,,,,,+48 77 417 2160,https://www.crunchbase.com/organization/cuprod-sp-z-o-o,,,,,,"0,5",12.02.2018 23:32:30,source1
54024caa-8083-70cb-422d-042dd38fb67d,eCommony,,,,,,https://www.crunchbase.com/organization/ecommony,http://www.ecommony.com,,,,,"0,5",12.02.2018 23:47:45,source1
da116e4e-51d0-4011-916e-a52181c16064,Da Yu Protein Sciences,,,,,,https://www.crunchbase.com/organization/da-yu-protein-sciences,http://www.dayuenterprises.com/,,,,,"0,5",09.02.2023 4:23:02,source1
be452be3-6e7f-4130-a17a-c32aa463e51a,Payton Technologies Ltd.,,,,,+972 3 961 1164,https://www.crunchbase.com/organization/payton-technologies-ltd,,,,,,"0,5",06.03.2018 9:01:26,source1
6f23d007-d25c-409b-97ea-e7817888ad9d,Bette Box,,,,,,https://www.crunchbase.com/organization/bette-box,https://www.bettebox.fi/,,,,,"0,5",28.01.2020 9:28:01,source1
7bde8e94-bdbf-4a28-aa2b-bdd417694431,Jianronghe Touzi,,建融合投资,深圳市建融合投资有限公司,,,https://www.crunchbase.com/organization/jianronghe-touzi,,,,,,"0,5",11.02.2021 12:29:13,source1
d2d4ecca-8993-4fc9-b13a-3d56e85a3fdc,Authentic C_S4HDEV1909 Exam Dumps - Best Exam Preparation,,,,,,https://www.crunchbase.com/organization/authentic-c-s4hdev1909-exam-dumps-best-exam-preparation,https://www.sapcertificationdumps.com/C_S4HDEV1909-exam-questions,,,,,"0,5",08.09.2022 6:21:18,source1
375a188e-c137-f331-6423-faf644d2edb5,REBAR LLC,,,,,(781)440-1000,https://www.crunchbase.com/organization/rebar-llc,,,,,,"0,5",12.02.2018 22:12:18,source1
80db9cdd-06bc-4abf-9529-04c0e64398e1,NSE6_FML-6.2 Exam Dumps For Superb Exam Result,,,,,,https://www.crunchbase.com/organization/nse6-fml-6-2-exam-dumps-for-superb-exam-result,https://www.certificationsdesk.com/fortinet/real-NSE6_FML-6.2-exam-questions.html,,,,,"0,5",11.05.2022 9:51:36,source1
3b645bf7-c728-4042-aca4-a467b7c96259,GigaTech,,,,,,https://www.crunchbase.com/organization/gigatech,http://www.gigatech.co.in/,,,,,"0,5",04.04.2022 22:21:42,source1
33a51716-f238-6a12-a1b4-bf5e537558dd,Bryopin,,,,,,https://www.crunchbase.com/organization/bryopin,http://www.bryopin.com.au/,,,,,"0,5",24.06.2019 22:21:14,source1
78cace01-416e-4c5d-8b76-01480c4b3e91,EyesUP,,,,,,https://www.crunchbase.com/organization/eyesup,https://eyesup.mobi,,,,,"0,5",24.03.2022 18:16:40,source1
9d1715f0-3dfa-8990-2932-4c2c313ac065,Paradigma Óleos Vegetais Ltda,,,,,,https://www.crunchbase.com/organization/paradigma-Óleos-vegetais-ltda,http://www.paradigma.ind.br,,,,,"0,5",25.05.2022 14:25:43,source1
a14fb423-7d14-4192-8bc8-49d458ed386c,Shitamii,,,,,,https://www.crunchbase.com/organization/shitamii,http://shitamii.com/,,,,,"0,5",06.10.2019 18:22:22,source1
f129c31e-1fa8-4c48-8be9-cef8c16a7196,WineShop At Home,,,,,,https://www.crunchbase.com/organization/wineshop-at-home,http://discovergreatwines.com,,,,,"0,5",25.03.2019 19:51:05,source1
621b3ea0-0390-44d2-8e35-9a7a0ebd87f8,HPE6-A47 Dumps PDF - Gurus Don't Want You To understand,,,,,,https://www.crunchbase.com/organization/hpe6-a47-dumps-pdf-gurus-don-t-want-you-to-understand,https://www.certsstar.com/HPE6-A47-pdf-questions.html,,,,,"0,5",28.03.2023 10:28:57,source1
385ba75a-ed8e-3d92-93ac-86d10e307c45,Gas Boilers Servicing,,,,,,https://www.crunchbase.com/organization/gas-boilers-servicing,http://gasboilersservicing.co.uk,,,,,"0,5",04.03.2022 8:16:19,source1
1fb65498-2277-4a2c-b29c-f41f632ef8d4,OFFICINA COPPOLA,,,,,,https://www.crunchbase.com/organization/officina-coppola,http://officinacoppola.com,,,,,"0,5",02.03.2023 9:58:42,source1
84f1a866-34d4-4919-a6c8-2bd7ca18f930,DV SANTE,,,,,,https://www.crunchbase.com/organization/dv-sante,http://dvsante.fr/,,,,,"0,5",06.04.2020 7:41:17,source1
dd3274e2-9cd2-5d15-8841-d3b536e2f457,Zurich Prime,,,,,,https://www.crunchbase.com/organization/zurich-prime,http://www.zurichprime.com,,,,,"0,5",12.02.2018 23:45:46,source1
a25d8983-d3b1-4998-ac10-fd09c68d5adc,"Protean Energy Advisors, LLC",,Protean Advisors,,,,https://www.crunchbase.com/organization/protean-energy-advisors-llc,,,,,,"0,5",25.07.2018 21:21:35,source1
0dd5c5cf-4edd-4d50-9799-61ddf8388c9f,Sharp NEC Display Solutions Europe GmbH - LED Solutions Center,,,,,,https://www.crunchbase.com/organization/sharp-nec-display-solutions-europe-gmbh-led-solutions-center,http://www.sharpnecdisplays.eu/,,,,,"0,5",17.03.2023 5:58:54,source1
a750c08b-8897-cde6-8ce2-432305f244c6,Cityscoring,,,,,,https://www.crunchbase.com/organization/cityscoring,http://www.cityscoring.com/,,,,,"0,5",23.05.2022 8:20:14,source1
279fd6df-b30b-4957-8b95-2d0d2afd4daa,Anuenue Group,,,,,,https://www.crunchbase.com/organization/anuenue-group,https://www.anuegroup.com.tw,,,,,"0,5",10.01.2022 11:07:12,source1
2e094652-f64a-9d5a-f525-f3582d750edb,Vulkan Retail,,,,,,https://www.crunchbase.com/organization/vulkan-retail,http://www.vulkanretail.com,,,,,"0,5",15.04.2022 13:30:11,source1
b541a18d-ef92-41be-ae89-0f7897263525,Gold Port Corporation,,,,,,https://www.crunchbase.com/organization/gold-port-corporation,https://www.goldportcorporation.com,,,,,"0,5",12.04.2022 7:15:51,source1
ed60a323-ae9e-4e2a-8cfe-3267d48617e3,OG0-093 PDF Dumps For Covering Every Exam Topic,,,,,,https://www.crunchbase.com/organization/og0-093-pdf-dumps-for-covering-every-exam-topic,https://www.dumpsnetwork.com/OG0-093-pdf-dumps.html,,,,,"0,5",13.06.2022 10:18:55,source1
a934b2ec-4d9e-41e3-abe2-699a8ab33ffb,Select CCA175 Exam Dumps For Prep,,,,,,https://www.crunchbase.com/organization/select-cca175-exam-dumps-for-prep,https://www.certsmate.com/cloudera/CCA175-dumps.html,,,,,"0,5",11.04.2022 7:55:45,source1
a8ceb0d2-bd61-4b41-8728-210a5bd11477,Contigo Realty,,,,,,https://www.crunchbase.com/organization/contigo-realty,https://contigorealty.com/,,,,,"0,5",01.01.2020 1:36:42,source1
7c42f89c-21a2-4ef7-ae69-29ee6d47ed71,Accurate HPE0-S22 PDF Dumps,,,,,,https://www.crunchbase.com/organization/accurate-hpe0-s22-pdf-dumps,https://www.dumpscollege.com/exam/HPE0-S22,,,,,"0,5",11.05.2022 15:39:47,source1
c5760671-d947-4cfe-9c59-dcd2ee8ab765,JQ COLLECTIVE,,,,,,https://www.crunchbase.com/organization/jq-collective,http://www.juliaquijano.com,,,,,"0,5",09.06.2022 13:22:48,source1
31e034d0-1147-4653-54c3-567f7c4663ce,Swap Inc.,,,,,,https://www.crunchbase.com/organization/swap-inc,https://www.getswap.net,,,,,"0,5",26.04.2022 10:48:31,source1
1b38d421-92ae-47a4-8e3d-a3c23f9ddeb5,Well-Organized B2C-Solution-Architect Dumps PDF Ideal to organize,,,,,,https://www.crunchbase.com/organization/well-organized-b2c-solution-architect-dumps-pdf-ideal-to-organize,https://www.certsexpert.com/B2C-Solution-Architect-pdf-questions.html,,,,,"0,5",15.03.2022 10:52:21,source1
f9bb825e-9f5d-4ef8-f131-bcc665a71fc3,Nodelon,,,,,,https://www.crunchbase.com/organization/nodelon,http://www.nodelon.com/,,,,,"0,5",12.02.2018 22:18:51,source1
22e60e9a-9d7d-4422-8f03-dba7c6c335cc,Breed Association Management Software,,,,,,https://www.crunchbase.com/organization/breed-association-management-software,https://www.digitalbeef.com/,,,,,"0,5",21.02.2020 18:34:22,source1
fbdd869d-1cb3-dc11-ed70-78a9c4b5effb,Covet,,,,,,https://www.crunchbase.com/organization/covet-2,https://covet.tv/,,,,,"0,5",05.03.2022 9:13:02,source1
9aee14a6-8fff-4d23-b8a7-b55a22994866,Ur Fashion,,,,,,https://www.crunchbase.com/organization/ur-fashion,http://www.ur-fashion.nl,,,,,"0,5",25.09.2020 15:03:29,source1
cd5e68f7-e94a-40c7-abe5-fd80bd5b9e17,CyberArk CAU302 Exam Dumps - PDF,,,,,,https://www.crunchbase.com/organization/short-time-try-cau302-exam-dumps-2022,https://www.braindumps2go.com/cyberark/cau302-exam-dumps,,,,,"0,5",08.06.2022 12:59:28,source1
197c714e-4dc8-455c-9e2f-fe5dbd0dbe4c,Shinou Entertainment,,,,,,https://www.crunchbase.com/organization/shinou-entertainment,http://www.shinou.net,,,,,"0,5",01.02.2023 8:54:22,source1
a7e5c67c-e725-e552-e69d-731a604c4fa6,DoublePlay Entertainment,,,,,,https://www.crunchbase.com/organization/doubleplay-entertainment,http://www.dblplay.com,,,,,"0,5",13.06.2022 4:02:51,source1
0fe73465-76ef-4124-9c1d-bd445b329f7e,GC International,,,,,,https://www.crunchbase.com/organization/gc-international,https://gcinternational.com/,,,,,"0,5",26.07.2021 21:02:19,source1
bb97f939-1dbe-4aef-99b9-f69e2354bd5e,Chinese Herbal Medicine World Network,,,,,,https://www.crunchbase.com/organization/chinese-herbal-medicine-world-network,https://www.zyctd.com/,,,,,"0,5",27.03.2023 11:08:38,source1
d3fb32fd-c2b8-4002-804b-c022447a6b74,Residual Technologies,,,,,203-754-9337,https://www.crunchbase.com/organization/residual-technologies,,,,,,"0,5",07.09.2018 21:45:27,source1
78f7441b-11fb-4471-a031-87da9b40cd01,Gävle Container Terminal,,,,,,https://www.crunchbase.com/organization/gävle-container-terminal,http://www.gavlecontainer.se/,,,,,"0,5",11.09.2020 10:34:47,source1
01bd70c0-9ebb-4c74-a474-a551651920f3,AliZoy UK Ltd,,,,,,https://www.crunchbase.com/organization/alizoy-uk-ltd,http://www.alizoy.co.uk,,,,,"0,5",12.02.2018 23:44:52,source1
e82d7f2b-f1df-42cc-9252-a5f6072edd50,Live Ticket Group,,,,,,https://www.crunchbase.com/organization/live-ticket-group,https://livetixgroup.com,,,,,"0,5",27.03.2023 8:55:06,source1
05b3f83f-9141-d3d2-259b-91ea08a0999c,Bizbuyer.com,,,,,,https://www.crunchbase.com/organization/bizbuyer-com,http://www.bizbuyer.com/,,,,,"0,5",29.10.2021 4:53:39,source1
31c272c7-a4d1-447e-bef7-ef5c842b52f0,FreBos AB,,,,,,https://www.crunchbase.com/organization/frebos-ab,http://www.frebos.se/,,,,,"0,5",07.03.2023 4:14:45,source1
cede891d-a068-4ff4-ba0b-1887863fa413,Water Wells,,,,,,https://www.crunchbase.com/organization/water-wells,http://www.waterwells.it/,,,,,"0,5",24.06.2019 22:11:24,source1
fcf02547-56da-4c7e-8a5a-635383b07d7e,B2C-Commerce-Developer Exam Questions,,,,,,https://www.crunchbase.com/organization/b2c-commerce-developer-exam-questions,https://www.examsspy.com/real-b2c-commerce-developer-exam-questions,,,,,"0,5",22.07.2022 13:38:28,source1
e0cf296d-1856-6a4a-c756-95f8f3770a2b,Lux Limo Hire Perth,,,,,,https://www.crunchbase.com/organization/lux-limo-hire-perth,http://www.luxlimohireperth.com,,,,,"0,5",27.02.2022 13:58:38,source1
38ba2f63-76a7-4698-8ff6-dd1ce5a807b2,Mizkan America - chile pepper business,,CPB,,,,https://www.crunchbase.com/organization/mizkan-america-chile-pepper-business,,,,,,"0,5",22.12.2020 7:56:30,source1
4a6e55db-a578-4d97-8961-663c54b5aea2,In SEO Dirk Schiff,,,,,,https://www.crunchbase.com/organization/in-seo-dirk-schiff,https://www.in-seo.de/social-media/,,,,,"0,5",23.11.2018 11:00:03,source1
d5b60d3d-66e0-4e8a-9df7-a9cb6cd2bc7b,ii music,,,,,,https://www.crunchbase.com/organization/ii-music,,https://www.linkedin.com/company/ii-music,,,,"0,5",28.09.2022 11:36:50,source1
27da6c89-b5f8-4728-b55b-22d081ec3a6c,IPQ-435 PDF Dumps with User’s Friendly Interface,,,,,,https://www.crunchbase.com/organization/ipq-435-pdf-dumps-with-user-s-friendly-interface,https://www.dumpsnetwork.com/IPQ-435-pdf-dumps.html,,,,,"0,5",13.06.2022 6:41:56,source1
9df5b8ae-82c0-cfe6-9b01-f62d538c9014,NERA Philippines,,,,,,https://www.crunchbase.com/organization/nera-philippines,http://www.neraphil.com.ph/,,,,,"0,5",21.04.2022 3:34:28,source1
5238a753-3bd3-4c19-935e-c49838f4cc0a,TexasInsuranceRatings.com,,,,,,https://www.crunchbase.com/organization/texasinsuranceratings-com,https://www.texasinsuranceratings.com/,,,,,"0,5",08.11.2020 20:59:01,source1
7d486bc2-d44b-0753-f83d-927070dfe6df,SamePay App,,,,,,https://www.crunchbase.com/organization/samepay-app,http://www.samepayapp.com,,,,,"0,5",13.02.2018 0:36:02,source1
724339d6-2a25-4427-a376-42529e2c1fb7,Spreadi,,,,,,https://www.crunchbase.com/organization/spreadi,http://spreadi.com,,,,,"0,5",06.10.2019 18:24:13,source1
533fb71f-5723-47ec-b271-b693ab6d4fb6,Braidwell,,,,,,https://www.crunchbase.com/organization/braidwell,https://www.braidwell.com/,,,,,"0,5",09.01.2023 11:12:34,source1
d9d089f3-29fa-13de-808b-bc3d48333ba1,Uprizer Labs,,,,,,https://www.crunchbase.com/organization/uprizer-labs,http://uprizer.com/,,,,,"0,5",19.07.2022 2:51:57,source1
18e168ac-55ab-ceb1-1053-24c84145eca9,Shnaboo,,,,,,https://www.crunchbase.com/organization/shnaboo,http://shnaboo.com/,,,,,"0,5",05.08.2022 12:32:05,source1
40d7e71c-ae19-4e65-99fb-e9e66f048ce3,coko1,,,,,,https://www.crunchbase.com/organization/coko1,http://coko1.ru,,,,,"0,5",24.10.2021 21:03:19,source1
d7a0cb37-fa9d-a85d-202e-ed7f16d5413a,COOP,,,,,,https://www.crunchbase.com/organization/coop-4,http://gocoop.io,,,,,"0,5",26.03.2022 1:52:19,source1
a305279a-92cc-a0da-5a04-30048c2515f0,GoRation.com,,,,,,https://www.crunchbase.com/organization/goration-com,http://www.goration.com,,,,,"0,5",23.03.2023 0:30:11,source1
ecb8fb44-18fd-9f69-3862-b9dacfcff0a9,Wildfire Korea,,와일드파이어 코리아,,,,https://www.crunchbase.com/organization/wildfire-korea,,,,,,"0,5",23.07.2018 8:25:42,source1
227ac3d0-1df4-09cb-048d-70e90cdda63f,YourCall.tv,,,,,,https://www.crunchbase.com/organization/yourcall-tv,http://yourcall.tv,,,,,"0,5",11.04.2022 8:22:57,source1
dd2fc4c2-11cb-4964-aae1-d51951cf3ca0,DLJdirect,,CSFBdirect,,,,https://www.crunchbase.com/organization/dljdirect-3ca0,,,,,,"0,5",12.02.2018 22:24:52,source1
d563608f-94af-820e-aa8f-96174bf621bd,slinkset,,,,,,https://www.crunchbase.com/organization/slinkset,http://slinkset.com,,,,,"0,5",24.06.2019 21:54:09,source1
3ae6ea81-1ae5-55ab-9ad0-94d8af398834,SAHEL Capital,,,,,,https://www.crunchbase.com/organization/sahel-capital,http://sahelcp.com,,,,,"0,5",24.06.2019 22:23:17,source1
0cf48946-7877-4c2e-ab7f-384dcbf35dd2,Famous 5V0 41 PDF Dumps,,,,,,https://www.crunchbase.com/organization/famous-5v0-41-pdf-dumps,https://www.dumpscollege.com/exam/5V0-41.20,,,,,"0,5",12.05.2022 15:45:17,source1
a50b91a2-e37a-4c7c-b399-25743b57a7b4,exflora,,,,,,https://www.crunchbase.com/organization/exflora,http://www.exflora.jp/,,,,,"0,5",06.10.2019 17:47:59,source1
d52444dd-b571-461b-9662-4d7a298ddb2c,Global Envoi,,,,,,https://www.crunchbase.com/organization/global-envoi,https://globalenvoi.com/,,,,,"0,5",09.04.2020 7:08:11,source1
b450201b-c2fd-4c69-a9b9-ee8d1718e5d8,Grantboost,,,,,,https://www.crunchbase.com/organization/grantboost,https://www.grantboost.io,,,,,"0,5",06.03.2023 3:59:07,source1
437cc06f-8294-4e91-82c0-8286ea0787ff,Campanile Investments,Campanile Investments LLC,,,,,https://www.crunchbase.com/organization/campanile-investments,,,,,,"0,5",12.07.2021 19:19:35,source1
85bd0be9-1f69-46ce-915a-f20640adbf9e,GuidefAi,,,,,,https://www.crunchbase.com/organization/guidefai,https://guidefai.com/,,,,,"0,5",16.03.2023 6:34:55,source1
b85cb953-6862-4d55-b684-655b148b2b39,hyesu,,ahn,,,,https://www.crunchbase.com/organization/hye-2b39,,,,,,"0,5",12.11.2021 2:49:48,source1
94223be4-4805-4e51-8a27-93c1109ded76,Stadium Custom Kicks,,,,,,https://www.crunchbase.com/organization/stadium-custom-kicks,https://stadiumcustomkicks.com/,,,,,"0,5",30.01.2023 13:06:54,source1
08c46f06-26a5-fbff-c072-6101fddcfee6,Shawei.com,,,,,,https://www.crunchbase.com/organization/shawei-com,https://www.shawei.com,,,,,"0,5",17.03.2022 9:20:43,source1
51034dc8-fab4-4818-b383-6af465cfc857,PRAXIS-Mathematics-Section Dumps PDF Preparation Guidelines You have to Know,,,,,,https://www.crunchbase.com/organization/praxis-mathematics-section-dumps-pdf-preparation-guidelines-you-have-to-know,https://www.certsstar.com/PRAXIS-Mathematics-Section-pdf-questions.html,,,,,"0,5",07.06.2022 10:02:21,source1
9924fd1c-9804-4456-9116-6b6241e8b2f4,MUFG Capital Analytics,,,,,,https://www.crunchbase.com/organization/mufg-capital-analytics,http://capitalanalytics.com,,,,,"0,5",11.04.2022 8:40:37,source1
9630470f-8b19-49f1-9c7a-106316200f36,DejtaSmart.se,,,,,,https://www.crunchbase.com/organization/dejtasmart-se,https://dejtasmart.se/,,,,,"0,5",06.12.2022 7:27:11,source1
ff0cb80a-f8f7-45a9-ba72-89e91b0d9b46,Hazel Hills CBD Gummies,,,,,,https://www.crunchbase.com/organization/hazel-hills-cbd-gummies-9b46,https://www.healthwebcart.com/dscg/,,,,,"0,5",17.03.2023 5:35:24,source1
f6b25926-0507-40c5-b986-aa01d0cdce61,Connectrix Systems,,,,,,https://www.crunchbase.com/organization/connectrix-systems,http://connectrix.com/,,,,,"0,5",02.12.2019 18:28:28,source1
8d6e8da5-fedf-45c3-804b-dc5a2d828185,Dire Wolves,,,,,,https://www.crunchbase.com/organization/dire-wolves,https://direwolves.gg/,,,,,"0,5",21.03.2023 11:21:50,source1
9f6b3db4-b755-438b-bdc5-b9d44b648faa,Aksara,,,,,,https://www.crunchbase.com/organization/aksara,http://www.aksara.nl,,,,,"0,5",30.09.2020 8:40:11,source1
487f4ba2-8c4d-4ac6-b35b-e724ac3117af,METALTECH,,,,,,https://www.crunchbase.com/organization/metaltech,https://www.metaltech.co.jp/,,,,,"0,5",06.10.2019 19:32:27,source1
bba14dca-ed7d-4408-a455-845dab93ff5a,Plain Language Health,,,,,,https://www.crunchbase.com/organization/plain-language-health,https://www.plainlanguagehealth.com/,,,,,"0,5",15.04.2021 18:31:38,source1
f69776f6-bebb-4170-8408-a565f66ff40e,Frontier Products,,,,,,https://www.crunchbase.com/organization/frontier-products,https://frontierproductsinc.com/,,,,,"0,5",04.05.2021 9:17:39,source1
9c2bd32b-9c65-4376-5905-7f5891c558e3,"Vanetik International, LLC",,,,,,https://www.crunchbase.com/organization/vanetik-international-llc,http://www.vanetikinternational.com/,,,,,"0,5",20.01.2023 5:57:54,source1
9097feeb-b3f8-434b-b241-55de6775017a,Gardner Pinfold Consulting,,,,,,https://www.crunchbase.com/organization/gardner-pinfold-consulting,https://gardnerpinfold.ca,,,,,"0,5",06.12.2022 9:33:17,source1
d2772f25-152f-42a6-8347-01f390f3f5e2,9A0-410 PDF Dumps To Prepare Exam Very easily,,,,,,https://www.crunchbase.com/organization/9a0-410-pdf-dumps-to-prepare-exam-very-easily,https://www.dumpschief.com/9A0-410-pdf-download.html,,,,,"0,5",23.06.2022 8:15:07,source1
26b82a48-7eb9-ac08-d871-be5d8bc3929e,Fremont Forward,,,,,,https://www.crunchbase.com/organization/fremont-forward,http://www.fremontforward.com,,,,,"0,5",25.03.2019 19:30:39,source1
25c96ed5-4e8f-4fc2-85ea-e8b3961fde1b,A00-280 Dumps PDF,,,,,,https://www.crunchbase.com/organization/a00-280-dumps-pdf,https://www.dumpslocator.com/A00-280-exam-dumps.html,,,,,"0,5",17.05.2022 5:32:06,source1
1ba96690-01e1-58da-7027-eb3c296a6888,MightyWords,,,,,,https://www.crunchbase.com/organization/mightywords,http://www.mightywords.com,,,,,"0,5",26.02.2023 20:10:02,source1
767af5e4-9820-cbde-15e2-1d29e141632f,Island Support Services CIC,,,,,,https://www.crunchbase.com/organization/island-support-services-cic,http://www.islandsupportservices.org/,,,,,"0,5",24.06.2019 22:06:48,source1
4574a67c-5ba5-49ce-bf54-61fb3bf69d1e,Payex,,,,,,https://www.crunchbase.com/organization/payex-9d1e,https://www.payex.io,,,,,"0,5",21.03.2023 18:55:51,source1
2ddf30f9-793e-cd89-e108-a52880df9f5a,My Social Image,,,,,,https://www.crunchbase.com/organization/my-social-image,http://mysocialimage.co.uk/,,,,,"0,5",27.02.2022 12:30:56,source1
5e8d5325-d753-4492-ab49-f0854b945220,Edencast SAS,,,,,33 1 13 12 51 00,https://www.crunchbase.com/organization/edencast-sas,,,,,,"0,5",27.02.2018 12:56:50,source1
98fa5e04-ab59-4633-9546-caa48e085542,Sherlock,,,,,,https://www.crunchbase.com/organization/sherlock-5542,https://joinsherlock.com/,,,,,"0,5",08.02.2023 1:55:29,source1
8418f326-1ac2-4cb0-8ddf-2bee51e23546,True Footage,,,,,,https://www.crunchbase.com/organization/true-footage,https://truefootage.tech,,,,,"0,5",22.02.2023 10:17:50,source1
4e73d44d-3cf3-f539-8918-c0891517b373,Finance Reports,,,,,,https://www.crunchbase.com/organization/finance-reports,http://hulujob.com/,,,,,"0,5",12.02.2018 23:39:24,source1
ef0e2b97-348a-f448-a6f6-8a2ecd43b19b,China Investment & Development,,,,,,https://www.crunchbase.com/organization/china-investment-development,http://www.gih.com.tw/eng/cidc/index.htm,,,,,"0,5",21.05.2018 2:20:18,source1
fa003e38-4e8f-4f03-90c2-41c1f06936f6,Stratigos Security,,,,,,https://www.crunchbase.com/organization/stratigos-security,https://stratigossecurity.com,,,,,"0,5",10.01.2020 12:11:45,source1
b10e1899-febc-4a54-8521-26219e48c591,Shanghai Deyue Jiufan Touzi Zhongxin,,上海德岳九帆投资中心(有限合伙),,,,https://www.crunchbase.com/organization/shanghai-deyue-jiufan-touzi-zhongxin,,,,,,"0,5",17.07.2020 8:41:08,source1
671f469a-1ca9-4829-892e-642f97b4982d,Short of Time? Try HP2-I17 Exam Dumps [2022],,,,,,https://www.crunchbase.com/organization/short-of-time-try-hp2-i17-exam-dumps-2022,https://www.certsmarket.com/HP2-I17-mock-test,,,,,"0,5",14.03.2022 7:40:23,source1
533f2947-3bdb-4b79-afb3-1cd4d1d55e83,Coaching Essence,,,,,,https://www.crunchbase.com/organization/coaching-essence,https://coachingessence.ca,,,,,"0,5",21.03.2020 3:08:25,source1
1179910b-628f-453a-addf-0aa4210bc39b,OKS Group,,,,,,https://www.crunchbase.com/organization/oks-group-c39b,https://www.oksgroup.net,,,,,"0,5",18.04.2021 14:36:30,source1
cffc3a8f-894d-74df-15b7-8ba750b556ce,Copper Valley Finance,,,,,,https://www.crunchbase.com/organization/copper-valley-finance,https://www.coppervalleyfinance.com/,,,,,"0,5",24.01.2023 4:37:25,source1
fd677bb1-70f3-4dd1-a7db-45c25842f28b,Press Releases Online,,,,,,https://www.crunchbase.com/organization/press-releases-online,http://www.pressreleasesonline.co.uk,,,,,"0,5",22.11.2019 9:54:35,source1
75be4156-7caa-453f-89ba-d34d42dfb522,Fruily Organic Apple Cider Vinegar Gummies,,,,,,https://www.crunchbase.com/organization/fruily-organic-apple-cider-vinegar-gummies,https://health4fitness.website/Order-Now-Click-Here/SmilzCBD-Gummies-Official,,,,,"0,5",28.07.2021 11:30:14,source1
be07c5f6-3385-d4f5-68e9-088d661c7485,CyberBet.Ninja,,,,,,https://www.crunchbase.com/organization/cyberbet-ninja,http://cyberbet.ninja,,,,,"0,5",12.02.2018 23:51:33,source1
f6acbcbd-aec4-47fb-af7c-a6196c4ee9b5,Accomplish Targets With CPIM-BSP Dumps PDF,,,,,,https://www.crunchbase.com/organization/accomplish-targets-with-cpim-bsp-dumps-pdf,https://www.testcollections.com/CPIM-BSP.html,,,,,"0,5",25.03.2022 8:15:40,source1
d82eca28-51c3-86c6-53b2-d32b103d2b28,Root Speaking,,,,,,https://www.crunchbase.com/organization/root-speaking,http://www.rootspeaking.com,,,,,"0,5",18.03.2022 12:06:06,source1
c783b79f-0482-46ed-9d04-767b9758e373,Think Social,,,,,,https://www.crunchbase.com/organization/think-social,http://thinksocial.com/,,,,,"0,5",18.03.2022 6:34:46,source1
82d6d8ee-f6b1-9e15-664d-d1bd49d0dc0b,The Institute for Diabetes Discovery,,,,,,https://www.crunchbase.com/organization/the-institute-for-diabetes-discovery,https://www.idd-diabetes.com,,,,,"0,5",03.02.2023 7:22:05,source1
5daec2d9-3215-fb08-f5c1-cdf71b62f8eb,TGS Petroleum,,,,,,https://www.crunchbase.com/organization/tgs-petroleum,http://www.tgspetroleum.com/,,,,,"0,5",25.03.2022 6:50:24,source1
0cbb269d-ab33-452a-af47-fd5f501ae50a,Infosec Japan,,,,,,https://www.crunchbase.com/organization/infosec-japan,http://www.infosec.co.jp,,,,,"0,5",11.10.2019 21:29:33,source1
76827c01-3e7d-41a5-847d-f8e79ad6a9a7,Splitsville Luxury Lanes,,,,,,https://www.crunchbase.com/organization/splitsville-luxury-lanes,http://splitsvillelanes.com,,,,,"0,5",19.07.2022 2:36:01,source1
5133469a-47af-6ebe-a47c-da8135081a50,Aroha Research Technology Inc.,,,,,,https://www.crunchbase.com/organization/aroha-research-technology-inc-,http://aroharesearch.com/,,,,,"0,5",30.03.2022 12:47:25,source1
1c054266-68cf-4018-914b-8c0804f949b8,TickETH,,,,,,https://www.crunchbase.com/organization/ticketh-49b8,https://ticketh.de/,,,,,"0,5",09.04.2022 5:02:20,source1
4622229d-95e9-4af8-bda9-119e59141bbf,Iris Environmental,,,,,,https://www.crunchbase.com/organization/iris-environmental,http://www.irisenv.com/,,,,,"0,5",23.03.2019 1:26:17,source1
7775c487-3ead-af23-2d11-0f7e951af61e,Internet Healthcare Group,,,,,,https://www.crunchbase.com/organization/internet-healthcare-group,http://www.ihcg.com,,,,,"0,5",13.02.2018 0:00:01,source1
63600a97-97d8-45b4-9486-8d9790af9ec9,InterPoynt,,,,,,https://www.crunchbase.com/organization/interpoynt,http://www.interpoynt.com/,,,,,"0,5",28.02.2022 18:36:00,source1
15dbcf3d-a584-4ef9-8015-7b1e8876e021,FiveT Capital AG,,,,,,https://www.crunchbase.com/organization/fivet-capital-ag,https://www.fivet.com/,,,,,"0,5",04.05.2021 14:59:34,source1
be22d1ed-a7ff-4ac1-8d4c-73eb41bcdbd6,UTV LIFE SPORT,,,,,,https://www.crunchbase.com/organization/utv-life-sport,https://utvlifesport.com/,,,,,"0,5",18.04.2022 12:34:44,source1
d03ab7f8-6828-4f10-a5d5-c26f43120800,Scott Marsh Financial,,,,,,https://www.crunchbase.com/organization/scott-marsh-financial,https://scottmarsh.com,,,,,"0,5",11.11.2022 5:18:10,source1
0b75ad23-f662-4e0d-80b6-ea961ffaa4e1,Amour Construction & Design,,,,,,https://www.crunchbase.com/organization/amour-construction-design,http://www.AmourConstruction.com,,,,,"0,5",19.04.2022 3:52:13,source1
be935e63-6f54-afa0-7685-e7f4e7ed59d7,"One Network eCommerce, Inc.",,,,,,https://www.crunchbase.com/organization/one-network-ecommerce-inc,http://www.onenetworkecommerce.com,,,,,"0,5",24.06.2019 21:32:47,source1
3a888a0f-a230-4bf5-80d6-1428e243ae68,Sales Design Group,,,,,,https://www.crunchbase.com/organization/sales-design-group,https://www.salesdesigngroup.com/,,,,,"0,5",24.05.2022 11:02:47,source1
f779495b-6336-4886-bd97-809c53311eb9,Fervent Digital,,,,,,https://www.crunchbase.com/organization/fervent-digital,http://www.ferventdigital.com,,,,,"0,5",14.02.2019 14:46:13,source1
a58eeb43-5255-dd2c-fab3-71fcd88880c2,Adwise USA,,,,,,https://www.crunchbase.com/organization/adwise-usa,http://www.adwise.net/,,,,,"0,5",06.11.2020 3:25:43,source1
55c802b5-ea04-428d-ae10-ddb14b2b28d8,Tixio,,,,,,https://www.crunchbase.com/organization/tixio,https://www.tixio.de,,,,,"0,5",07.09.2019 16:52:59,source1
ebdb79ff-09bf-24ab-7fdd-2a8219003034,ReadFeeder,,,,,,https://www.crunchbase.com/organization/readfeeder,http://www.thereadfeeder.com,,,,,"0,5",20.05.2022 1:53:50,source1
5f13c5ee-24ea-4654-ae52-6dd0c18a0dc7,Desire Excellent Exam Result? Try 1Z0-811 PDF Dumps,,,,,,https://www.crunchbase.com/organization/desire-excellent-exam-result-try-1z0-811-pdf-dumps,https://www.dumpsbee.com/1Z0-811-pdf-dumps,,,,,"0,5",28.06.2022 18:47:43,source1
33674288-3b10-f9f7-dfdb-458906aa17e3,Emergent Growth Fund,,,,,,https://www.crunchbase.com/organization/emergent-growth-fund,http://www.emergentgrowth.com,,,,,"0,5",24.06.2019 21:48:40,source1
a875840b-34a1-4e38-919a-0ccffc239894,"School of Cities, University of Toronto",,,,,,https://www.crunchbase.com/organization/school-of-cities-university-of-toronto,https://www.schoolofcities.utoronto.ca,,,,,"0,5",23.05.2022 4:30:28,source1
a37e0387-7e7c-a21e-01d5-739d23a6f24c,Apartment Realty Advisors,,,,,(404)495-7300,https://www.crunchbase.com/organization/apartment-realty-advisors,,,,,,"0,5",12.02.2018 23:52:57,source1
bc47f31c-8ddb-4bb6-be1b-852305bb9880,Expify,Expify LTD.,,,,,https://www.crunchbase.com/organization/expify,,,,,,"0,5",22.04.2022 17:46:05,source1
28e4db55-b0bc-46a3-96fa-a6ffa7fe6c73,Astra Ventura,,,,,,https://www.crunchbase.com/organization/astra-ventura,https://astraventura.co.id/,,,,,"0,5",09.04.2020 9:48:00,source1
c5a15bca-c05f-44c4-84ec-4179c5f97a5d,Symbol Technologies,,,,,,https://www.crunchbase.com/organization/symbol-technologies,http://www.symbol.com/,,,,,"0,5",15.12.2020 9:58:11,source1
f6b7e040-dc8b-49aa-88da-1eb44c4cad5b,Peptyde Bio,,,,,,https://www.crunchbase.com/organization/peptyde-bio,https://peptydebio.com/,,,,,"0,5",30.11.2022 8:38:40,source1
3dcdf6cc-5141-41f1-bcb9-857617115f06,Orderly,,Orderly Go,,,,https://www.crunchbase.com/organization/orderly-5f06,,,,,,"0,5",22.11.2020 19:57:45,source1
eaf4eec2-f057-5f49-f09a-1bc48b7102db,Enerfina,,,,,,https://www.crunchbase.com/organization/enerfina,http://www.enerfina.cz,,,,,"0,5",12.02.2018 23:25:33,source1
0c348acc-eafb-4e4c-a121-177af65570c8,Institute of Advanced Materials,,,,,,https://www.crunchbase.com/organization/institute-of-advanced-materials,https://iaam.se,,,,,"0,5",10.06.2022 5:57:50,source1
c34c4fe5-f777-d499-86d0-a7818ffbdbaf,The Studio,,,,,,https://www.crunchbase.com/organization/the-studio-3,http://www.thestudio-app.com,,,,,"0,5",16.09.2020 14:41:34,source1
7b7b31ee-c10b-4e0d-b999-a874560ee947,Smart Reach Digital,,,,,,https://www.crunchbase.com/organization/smart-reach-digital,https://smartreachdigital.com/,,,,,"0,5",04.12.2020 7:20:56,source1
56ad5a4f-3fdd-512d-c2ee-473abf75a8c7,Sector Five Executive Search and Talent,,,,,,https://www.crunchbase.com/organization/sector-five-executive-search-and-talent,http://www.sector5global.com/,,,,,"0,5",25.03.2019 19:57:48,source1
f725ea47-38cd-9fb0-a388-a2d38994cc05,TK Simplex,,,,,,https://www.crunchbase.com/organization/tk-simplex,http://www.tksimplex.com/,,,,,"0,5",17.04.2018 17:17:15,source1
afa751e6-65a8-4130-a471-dbea74b8da2f,HP Capital Venture,,,,,,https://www.crunchbase.com/organization/hp-capital-venture,https://hpcapitalventure.com,,,,,"0,5",02.12.2021 11:18:33,source1
7a7046be-9a6c-4144-a8d0-b3b855bcdfa1,My Healthy Body Now,,,,,,https://www.crunchbase.com/organization/my-healthy-body-now,http://myhealthybodynow.com,,,,,"0,5",28.02.2022 14:27:27,source1
94ff6cff-88ba-4f8f-826d-f5b472131305,Homeshipping,,,,,,https://www.crunchbase.com/organization/homeshipping,http://www.homeshipping.nl,,,,,"0,5",22.09.2020 7:28:36,source1
a716bafc-c23a-0df6-145c-5054ecc20c85,upsiide,,,,,,https://www.crunchbase.com/organization/upsiide,http://www.upsiide.com/,,,,,"0,5",01.04.2023 8:35:11,source1
86504ee3-780a-44ab-1581-7eeb077c3ec7,Vegetall,,,,,,https://www.crunchbase.com/organization/e-vegetailing,http://vegetall.in,,,,,"0,5",31.03.2022 17:28:43,source1
06944a74-84e2-3fa4-10df-a7bff2199c8c,"American Homecare Federation, Inc.",,,,,,https://www.crunchbase.com/organization/american-homecare-federation-inc,http://www.ahfinfo.com/,,,,,"0,5",30.01.2023 9:08:37,source1
e623ccb0-28bf-67a8-f0ce-a09ba7c69db8,Carimo,,,,,,https://www.crunchbase.com/organization/carimo,http://www.carimo.com/,,,,,"0,5",22.02.2023 7:05:01,source1
4e6ade2d-dcaa-4a36-a14a-ad05655b412c,Advanced Vision Research,,,,,"
800-579-8327",https://www.crunchbase.com/organization/advanced-vision-research,,,,,,"0,5",12.02.2018 23:58:25,source1
c24f1b7f-8c80-4166-b288-9b7492db69a2,Nayak Solutions,,,,,,https://www.crunchbase.com/organization/nayak-solutions,http://www.naysol.com,,,,,"0,5",22.11.2019 10:36:55,source1
271747f6-23d2-ec87-b9a8-4b3d25aaa084,ECM Plus,,,,,,https://www.crunchbase.com/organization/ecm-plus,https://www.ecmplus.com,,,,,"0,5",18.03.2022 3:52:23,source1
2100afda-18b6-2c41-5c11-f3fa33fd93c3,Spreadskills,,,,,,https://www.crunchbase.com/organization/spreadskills,http://www.spreadskills.at,,,,,"0,5",12.02.2018 23:49:08,source1
1b650a77-468a-4332-9b98-3e7ea943dd89,Israel Angels,,,,,,https://www.crunchbase.com/organization/israel-angels,,https://www.linkedin.com/company/israel-angels/about/,,,,"0,5",04.10.2022 9:35:33,source1
a7747ff6-16eb-474d-aafd-3fc3909e72c6,Metier Prince2,,,,,,https://www.crunchbase.com/organization/metier-prince2,https://www.metieroec.no/,,,,,"0,5",30.09.2022 13:44:46,source1
5aa1c7f4-6237-0bda-4b8c-00339ea3fac4,Tennisterin.com,,,,,,https://www.crunchbase.com/organization/tennisterin-com,http://tennisterin.com,,,,,"0,5",25.03.2019 19:41:33,source1
0546f7b3-715e-411c-9a69-0bad2272284e,Leadonance,,,,,,https://www.crunchbase.com/organization/leadonance,https://leadonance.com,,,,,"0,5",19.07.2022 1:40:00,source1
d22a342f-d6f5-4ec3-9994-4f6d3aa9d3dd,Tri-State Employer Services,,,,,,https://www.crunchbase.com/organization/tri-state-employer-services,http://tristatepeo.com,,,,,"0,5",25.03.2019 19:49:04,source1
d0da35bc-5ffd-4262-b572-054659cc37d6,Wine Shop,,,,,,https://www.crunchbase.com/organization/wine-shop,https://www.wineshopnewalbany.com,,,,,"0,5",09.03.2023 5:56:12,source1
ee924808-53db-47b0-8a9f-027a6871620f,Neuro Smart IQ,,,,,,https://www.crunchbase.com/organization/neuro-smart-iq-620f,https://health4fitness.website/Order-Now-Click-Here/NZT-48,,,,,"0,5",21.11.2021 6:36:30,source1
daea0003-3552-470a-8234-708584a97117,Aurelius,,,,,,https://www.crunchbase.com/organization/aurelius-7117,https://aurelius.health,,,,,"0,5",13.08.2022 12:45:57,source1
9b8fd928-e918-4e6b-9ce4-04f08ed3a59d,Gridtwin,,,,,,https://www.crunchbase.com/organization/gridtwin,https://gridtwin.energy/,,,,,"0,5",24.02.2023 9:03:59,source1
98c4eb21-c9a1-10e3-4fab-eb172c5d4480,Community Bancorp,,,,,,https://www.crunchbase.com/organization/community-bancorp,http://www.communitybanknv.com,,,,,"0,5",17.04.2018 13:38:38,source1
f5bf33ec-e30c-c147-4874-382acf004dce,Techno India College of Technology,,,,,,https://www.crunchbase.com/organization/techno-india-college-of-technology,http://tictcollege.in//,,,,,"0,5",29.08.2019 17:54:08,source1
9bfc7a64-1fd5-b951-d43d-6b67d69a2e78,Boao Forum for Asia,,,,,,https://www.crunchbase.com/organization/boao-forum-for-asia,http://boaoforum.org/,,,,,"0,5",23.10.2020 1:58:21,source1
46c66046-70f8-43ae-8196-c81c43285c97,Erosion Resources Supply,,,,,,https://www.crunchbase.com/organization/erosion-resources-supply,https://erosionresources.us/,,,,,"0,5",08.08.2022 7:13:01,source1
010e542c-982e-4a42-80f5-02cc52bbd81e,Perfect 300-100 Dumps PDF for Brief Prep,,,,,,https://www.crunchbase.com/organization/perfect-300-100-dumps-pdf-for-brief-prep,https://www.produmps.com/300-100-questions.html,,,,,"0,5",01.04.2022 7:15:29,source1
41c84952-d9ee-ec1a-2112-b75eda274c5a,GelTees,,,,,,https://www.crunchbase.com/organization/geltees,http://www.GelTees.com,,,,,"0,5",12.02.2018 23:11:23,source1
c5f78915-dfbc-a9e6-78f2-8d5c490a3822,Pride SpA,,,,,(390)672-581,https://www.crunchbase.com/organization/pride-spa,,,,,,"0,5",12.02.2018 22:35:24,source1
c1b23b31-2aa2-4037-926e-7642a48ce607,VirtualZone 2.0,,,,,,https://www.crunchbase.com/organization/virtualzone-2-0,https://virtualzone.ca,,,,,"0,5",31.05.2022 5:52:16,source1
1f4991e3-e203-4ab4-9768-45515b67b3fe,Forget to Exam Fail With JN0-635 Dumps PDF,,,,,,https://www.crunchbase.com/organization/forget-to-exam-fail-with-jn0-635-dumps-pdf,https://www.dumpsinsider.com/juniper/JN0-635-test-simulator,,,,,"0,5",08.04.2022 6:04:09,source1
8b37bc28-42f9-4974-929d-2041d5c884df,Augusta Capital Partners,,,,,,https://www.crunchbase.com/organization/augusta-capital-partners,http://www.augustacap.com/,,,,,"0,5",04.03.2023 8:23:48,source1
43367485-40d3-46f1-8b44-e64f829566f7,Next System Consulting,,,,,,https://www.crunchbase.com/organization/next-system-consulting,http://dencyu.com/company/,,,,,"0,5",17.11.2022 9:58:03,source1
903ce8d2-553e-4561-89f9-f596e87802b0,Zhiyou Scientist Fund,Zhiyou Scientist Fund,,,,,https://www.crunchbase.com/organization/zhiyou-scientist-fund,,,,,,"0,5",21.02.2023 6:46:05,source1
4e3fe798-a0dd-451e-91d3-af8e0175ec8a,Changzhou Shuimu Digital Information Technology,,常州水木数字信息技术有限公司,水木数字,Shuimu Shuzi,,https://www.crunchbase.com/organization/changzhou-shuimu-digital-information-technology,,,,,,"0,5",11.04.2019 10:39:53,source1
ba57e63c-4120-8f05-5b7d-ed8431215f24,BussMo,,,,,,https://www.crunchbase.com/organization/bussmo,http://www.abizmo.com/,,,,,"0,5",24.06.2019 21:35:47,source1
769f7fbf-7cda-489b-831e-2148e615e2f9,Instant Download AD5-E809 Dumps PDF,,,,,,https://www.crunchbase.com/organization/instant-download-ad5-e809-dumps-pdf,https://www.examschief.com/AD5-E809.html,,,,,"0,5",30.05.2022 10:22:30,source1
f262fe18-b002-4e96-9c9c-6a62dfde7040,Impact Cubed,,,,,,https://www.crunchbase.com/organization/impact-cubed,https://www.impact-cubed.com/,,,,,"0,5",04.11.2021 20:23:29,source1
8097c9c6-eaf8-4bb2-9bb6-5a25da435362,Looking for Visionary C_THR82_2111 PDF Dumps,,,,,,https://www.crunchbase.com/organization/looking-for-visionary-c-thr82-2111-pdf-dumps,https://www.dumpsvision.com/C_THR82_2111-test.html,,,,,"0,5",18.05.2022 6:11:19,source1
159786ed-c9e6-407c-9532-596b295771a2,Massa Investment,,,,,,https://www.crunchbase.com/organization/massa-investment,https://www.massainvestment.com/,,,,,"0,5",07.11.2019 12:06:53,source1
6e95c27f-021d-44a2-ab3f-4d275c4fe698,A00-280 Exam Dumps For Outstanding Exam Result,,,,,,https://www.crunchbase.com/organization/a00-280-exam-dumps-for-outstanding-exam-result,https://www.certificationsdesk.com/sas-institute/real-A00-280-exam-questions.html,,,,,"0,5",12.05.2022 11:15:34,source1
7fb00ca1-4abf-438c-a5d1-e3c5111ce28f,Easy Preparation With C TS4C 2021 Exam Dumps [2022],,,,,,https://www.crunchbase.com/organization/easy-preparation-with-c-ts4c-2021-exam-dumps-2022,https://www.certsmarket.com/C_TS4C_2021-mock-test,,,,,"0,5",17.03.2023 4:43:17,source1
4fa69ae9-ca7b-430c-80e7-26219485b79b,gbmykhztgs,,,,,,https://www.crunchbase.com/organization/gbmykhztgs,https://gymbigot.com/,,,,,"0,5",28.07.2021 4:39:16,source1
bd71764f-0c70-3440-1eb3-9e7a0cb1cbb7,TwitFile,,,,,,https://www.crunchbase.com/organization/twitfile,http://www.twitfile.com,,,,,"0,5",24.06.2019 22:14:08,source1
2c7aecbf-d751-5d58-b407-306e0f1a6431,Lunar/Theory,,,,,,https://www.crunchbase.com/organization/lunar-theory,http://www.lunar-theory.com,,,,,"0,5",03.08.2022 10:27:38,source1
5f595cd3-ac2e-4196-a4ca-d26bf2335522,"Chronos Capital Wealth, LP",,,,,,https://www.crunchbase.com/organization/chronos-capital-wealth-lp,http://www.chronoscapitalwealth.com,,,,,"0,5",24.06.2019 22:11:59,source1
dcb29d92-3969-4d92-9168-f1653ead48b5,PlainsCapital Corporation,,,,,,https://www.crunchbase.com/organization/plainscapital-corporation,http://plainscapitalcorp.com,,,,,"0,5",15.06.2022 11:37:40,source1
51cc0665-b88f-c3fb-ea67-219cf19748f3,Hydrogen Burner Technology,,,,,,https://www.crunchbase.com/organization/hydrogen-burner-technology,https://www.hydrogentechnologiesinc.com,,,,,"0,5",19.07.2022 2:55:02,source1
f5470db5-07ef-4e95-b1c9-0140ad55c127,Ace Exam with Updated 5V0-22.21 Exam Dumps,,,,,,https://www.crunchbase.com/organization/ace-exam-with-updated-5v0-22-21-exam-dumps,https://www.dumpspartner.com/5V0-22.21-cheat-sheet,,,,,"0,5",23.03.2023 7:25:16,source1
1b2abc66-cb75-4f4a-8f77-c3fe3900425c,Instant Download C_FIOAD_2020 Dumps PDF,,,,,,https://www.crunchbase.com/organization/instant-download-c-fioad-2020-dumps-pdf,https://www.examschief.com/C_FIOAD_2020.html,,,,,"0,5",02.06.2022 6:25:29,source1
d9404d94-617f-aa48-54e4-9df3dd96188b,Metropolitan West Financial,,,,,,https://www.crunchbase.com/organization/metropolitan-west-financial,http://www.mwfin.com,,,,,"0,5",30.05.2022 2:51:17,source1
11b10116-fbf0-969a-bb3d-b301e32aa0f7,Business Parks,,,,,,https://www.crunchbase.com/organization/business-parks,http://businessparks.com.au/,,,,,"0,5",24.06.2019 22:11:47,source1
a3b43e4b-77d5-40ff-8d74-b5dc656512a9,Cannibble,,,,,,https://www.crunchbase.com/organization/cannibble,https://cannibble.world/,,,,,"0,5",01.02.2023 12:16:40,source1
5a0bf041-324f-44dd-9a9b-7f9d0f521101,Jitsi,,,,,,,,,https://twitter.com/jitsinews,,,"0,5",08.05.2023 11:42:24,source2
c938fec4-8fe7-400f-89b1-71000b8e64c6,Easeus Data reecovery,,,,,,https://www.crunchbase.com/organization/easeus-data-reecovery,https://hdlicense.com/easeus-data-recovery-crack-download/,,,,,"0,5",25.06.2020 18:42:23,source1
225759fd-f56b-44b2-8b50-7adfb623f675,EVERYMAKE S.R.L-EVERYMAKE BUSINESS UNIT,,,,,,https://www.crunchbase.com/organization/everymake-s-r-l-everymake-business-unit,http://www.everymake.it,,,,,"0,5",02.02.2023 1:07:17,source1
dfe4049b-9c3b-4646-af6a-0d0af994f76d,FemTech Lab,,,,,,https://www.crunchbase.com/organization/femtech-lab-f76d,https://femtechlab.com/,,,,,"0,5",23.12.2022 4:56:27,source1
948b1c5e-cd69-7509-75a8-8f715a93fa07,"Rimedion, Inc.",,,,,,https://www.crunchbase.com/organization/rimedion-inc,http://www.rimedion.com/,,,,,"0,5",31.07.2020 2:12:49,source1
a2cc1335-afec-3c83-23d1-bd9c01aa9971,Simply Smart,,,,,,https://www.crunchbase.com/organization/simply-smart,http://www.simplysmart-us.com,,,,,"0,5",17.03.2022 17:22:58,source1
4345e6e8-2f3c-b8d9-5a5f-486a2e8163f9,CNX-NET,,,,,,https://www.crunchbase.com/organization/cnx-net,http://www.cnx-net.com,,,,,"0,5",25.03.2019 20:06:18,source1
10fe92d0-0a22-451c-8e94-661f03d5f1d1,Hughes Electrical,,,,,,https://www.crunchbase.com/organization/hughes-electrical,http://hugheselectrical.com,,,,,"0,5",19.07.2022 2:45:21,source1
7c8d6647-009e-ce7c-a76f-c16dde341f4e,Andronuts,,,,,,https://www.crunchbase.com/organization/andronuts,http://andronuts.com,,,,,"0,5",12.02.2018 23:46:46,source1
ec1c6d6c-bd01-8ae1-9bd2-6c4c764d77f0,Pangea's Edge Holdings,,,,,,https://www.crunchbase.com/organization/pangeas-edge-holdings,http://www.pangeasedge.com,,,,,"0,5",13.09.2018 15:02:56,source1
2f6a9c29-6f51-64a0-dbb8-ae9b2006feeb,Cudd Energy Services,,,,,,https://www.crunchbase.com/organization/cudd-energy-services-2,http://www.cudd.com,,,,,"0,5",19.12.2022 14:34:47,source1
61f2fc61-b80b-44f8-9bb6-d85406d490a3,Gryphon Resources,,,,,,https://www.crunchbase.com/organization/gryphon-resources,https://www.gryphonresourcesinc.com/,,,,,"0,5",18.06.2020 1:36:10,source1
f61ae29a-25b3-5ae3-54bd-81d2e1c70b07,Xifra Business,,,,,,https://www.crunchbase.com/organization/xifra-business,http://www.xifra.net/,,,,,"0,5",09.01.2023 5:58:44,source1
9914eeff-90c0-4dcb-b5f3-38129d8c2d1b,"Nippon Telecommunications Electronics Co., Ltd.",,,,,,https://www.crunchbase.com/organization/nippon-telecommunications-electronics-co-ltd,http://www.nittuden.co.jp,,,,,"0,5",07.03.2023 2:59:04,source1
068d5024-fab7-8aa7-aa4d-53331d2bc0af,Wong Tan & Molly Lim,,,,,,https://www.crunchbase.com/organization/wong-tan-molly-lim,http://www.wtl.com.sg/,,,,,"0,5",24.06.2019 21:49:11,source1
f5c61dc7-cb1c-4096-8b7d-8383d1b3e94b,Spectra Quest Lab,,,,,,https://www.crunchbase.com/organization/spectra-quest-lab,https://spectraquestlab.com,,,,,"0,5",06.10.2019 19:55:21,source1
fcf9e8fe-43fc-46b8-8a13-df359651bc8f,Trinity College-Hartford,,,,,,https://www.crunchbase.com/organization/trinity-college-hartford-bc8f,,https://www.linkedin.com/school/trinity-college-hartford,,,,"0,5",05.12.2022 9:00:25,source1
6706b6ca-0945-4814-8462-9f622fecf7be,Preston Chassis Industries,,,,,,https://www.crunchbase.com/organization/preston-chassis-industries,http://prestonchassis.com.au/,,,,,"0,5",08.02.2019 8:51:10,source1
10dddf43-16da-4946-9293-9e44a31789e6,SqueakWorks,,,,,,https://www.crunchbase.com/organization/squeakworks,https://squeakworks.com,,,,,"0,5",29.12.2022 20:25:12,source1
9cb8cdec-1d92-af43-1531-9eb2e57a0936,Shri Nehru Maha Vidyalaya College of Arts & Sciences,,,,,,https://www.crunchbase.com/organization/shri-nehru-maha-vidyalaya-college-of-arts-sciences,https://www.snmv.ac.in,,,,,"0,5",06.04.2022 16:26:34,source1
895b7368-16bf-4cb2-90be-ebeba0e1d233,TeraScale,,,,,,https://www.crunchbase.com/organization/terascale,http://www.terascale.net/,,,,,"0,5",02.04.2022 8:10:47,source1
4886263a-6625-8116-b060-4ea42fd862b1,Eugene Khmelevsky,,,,,,https://www.crunchbase.com/organization/eugene-khmelevsky,http://www.ekwintools.com,,,,,"0,5",25.03.2019 20:07:22,source1
1caf1ec6-daf5-469d-a8fa-0c9c70902c9d,Sijia Jianxin Fund,,思嘉建信基金共同,Sijia Jianxin Jijin,,,https://www.crunchbase.com/organization/sijia-jianxin-fund,,,,,,"0,5",18.07.2019 11:26:27,source1
a60ecebd-5c93-4fe0-b7dc-c59469c62cea,Vpsbyte,,,,,,https://www.crunchbase.com/organization/vpsbyte,https://www.vpsbyte.com,,,,,"0,5",25.01.2022 5:50:03,source1
ce01af00-79e9-4e8f-b8d0-c7d2be7064a0,infanttour.com,,,,,,https://www.crunchbase.com/organization/infanttour-com,http://www.infanttour.com/,,,,,"0,5",09.12.2019 8:12:51,source1
b73c0a8d-8297-b2a4-6906-1f28af0b57cf,Suki Sushi Pte. Ltd.,,,,,,https://www.crunchbase.com/organization/suki-sushi-pte-ltd,http://www.sukigroup.com.sg,,,,,"0,5",16.11.2020 6:37:34,source1
494a2577-244d-427c-9985-7eda16728ff4,Approved C_THR82_2111 Dumps PDF for Short Prep,,,,,,https://www.crunchbase.com/organization/approved-c-thr82-2111-dumps-pdf-for-short-prep,https://www.produmps.com/C_THR82_2111-questions.html,,,,,"0,5",02.04.2022 6:32:24,source1
db5c537d-e690-7558-c488-f39594eb1f0c,Tellit,,,,,,https://www.crunchbase.com/organization/tellit,http://www.tellitapp.co/,,,,,"0,5",14.06.2022 10:02:23,source1
6471e3ba-00e2-f596-ef53-1e1ef1769108,CRG Professional Services,,,,,,https://www.crunchbase.com/organization/crg-professional-services,http://www.crgprofessionalservices.com/,,,,,"0,5",17.04.2018 16:49:54,source1
d36ab9c7-d729-4bc1-92d5-341b8681671e,Discovery Media,,,,,,https://www.crunchbase.com/organization/discovery-media,https://www.technical-writer.io,,,,,"0,5",17.06.2022 9:44:27,source1
3b6874d9-22b7-8afb-30ad-8d21643f5c27,PostClick,,,,,61 2 8235 8900,https://www.crunchbase.com/organization/postclick,,,,,,"0,5",10.07.2019 14:37:24,source1
76348a61-2e7c-5dfa-3972-205923dfd32f,wit-me,,,,,,https://www.crunchbase.com/organization/wit-me,,https://www.linkedin.com/company/3160049,,,,"0,5",12.02.2018 23:53:58,source1
23016ae7-c31e-4f24-99c1-56144fd7686e,SpinDye,,,,,,https://www.crunchbase.com/organization/spindye,https://www.spindye.com/,,,,,"0,5",18.03.2023 6:38:21,source1
4904d783-4cd7-4afc-9aa6-6fabbdd4fafc,Use DEE-1421 Exam Dumps For Prep,,,,,,https://www.crunchbase.com/organization/use-dee-1421-exam-dumps-for-prep,https://www.certsmate.com/emc/DEE-1421-dumps.html,,,,,"0,5",11.04.2022 9:33:33,source1
eca4657c-dfb0-445d-bb0a-4768e542bea2,Sangen / Tornion Panimo,Sangen / Tornion Panimo,,,,,https://www.crunchbase.com/organization/sangen-tornion-panimo,,,,,,"0,5",28.12.2022 3:47:08,source1
cab0d146-6323-4cbf-b345-321455743ec5,MFX Compass,,,,,+44 (0)20 7887 7528,https://www.crunchbase.com/organization/mfx-compass,,,,,,"0,5",12.02.2018 23:37:43,source1
c9443423-ebe0-50fb-8ec3-cb5c4d243b11,Bizpetrol,,,,,,https://www.crunchbase.com/organization/bizpetrol,http://www.bizpetrol.com,,,,,"0,5",18.03.2023 11:41:03,source1
3a56bcf7-f99a-4176-ad66-14ccee165f00,Swanbridge Hire and Sales,,,,,,https://www.crunchbase.com/organization/swanbridge-hire-and-sales,http://www.shs.uk.com/,,,,,"0,5",11.02.2023 4:41:37,source1
be1028fc-2524-fda1-184e-c84c55dba737,McCaw Cellular/AT&T Wireless Services,,McCaw Cellular,AT&T Wireless Services,,,https://www.crunchbase.com/organization/mccaw-cellular-at-t-wireless,,,,,,"0,5",22.05.2022 15:59:44,source1
f10695d1-dd20-36e3-793c-f78ba836eefc,Quote and Go,,,,,,https://www.crunchbase.com/organization/quote-and-go,http://quoteandgo.ca/,,,,,"0,5",17.03.2022 10:40:21,source1
c4725a65-1d45-418e-bdcb-b606c27da12c,Mittag.at,,,,,,https://www.crunchbase.com/organization/mittag-at,http://www.mittag.at/,,,,,"0,5",13.02.2023 10:19:07,source1
15b2a66c-0c1a-4de6-bd99-7e8ba0c8d0fb,WAVEL,,,,,,https://www.crunchbase.com/organization/wavel,https://wavel.pl,,,,,"0,5",28.03.2023 3:33:28,source1
651a4eea-f294-4286-8ab6-7ea358a2bec0,PrimeTime Family Entertainment Center,,,,,,https://www.crunchbase.com/organization/primetime-family-entertainment-center,https://www.primetimeabilene.com,,,,,"0,5",03.03.2023 6:20:11,source1
8d22e866-5cf3-4ec6-8ce5-388beeb81ee1,Coalition for Reimagined Mobility,,,,,,https://www.crunchbase.com/organization/coalition-for-reimagined-mobility,https://reimaginedmobility.org/,,,,,"0,5",03.03.2022 7:02:36,source1
9f097f98-9070-4799-8ef3-05d0a929d6ea,ProCapital,,,,,,https://www.crunchbase.com/organization/procapital-d6ea,http://www.procapital.com.cn/,,,,,"0,5",18.04.2022 2:59:52,source1
1cfa08e2-a72c-4faa-afcb-650899cfd324,GTM Flow,,,,,,https://www.crunchbase.com/organization/gtm-flow,http://www.gtmflow.com,,,,,"0,5",05.11.2022 3:08:41,source1
b6b15cf4-afe2-dafb-7913-fc202ab0bd26,DIY Technologies,,,,,,https://www.crunchbase.com/organization/diy-technologies,http://www.diyonline.com/,,,,,"0,5",24.07.2020 10:55:08,source1
ad955bb4-a38e-4377-bb99-6cf20a1c9d32,EQuest Education Group,,,,,,https://www.crunchbase.com/organization/equest-education-group,https://equest.vn,,,,,"0,5",27.02.2023 5:22:21,source1
a6ca0941-de5b-441e-8c0f-44ebbf93f037,a2z Group NV,,,,,31 30 635 4850,https://www.crunchbase.com/organization/a2z-group-nv,,,,,,"0,5",14.03.2018 13:16:16,source1
615897f7-fe99-4040-b8f0-627569f6219e,Singh Investors,,,,,,https://www.crunchbase.com/organization/singh-investors,http://www.singhinvestors.com/,,,,,"0,5",23.10.2021 9:27:30,source1
93a79296-1a40-4d92-8bfa-be9ee753d97a,Mura Technology,,,,,,https://www.crunchbase.com/organization/mura-technology,https://muratechnology.com/,,,,,"0,5",04.04.2022 7:09:59,source1
a7198d16-6b62-443b-93a3-77981f553dae,Shibata Consulting,,,,,,https://www.crunchbase.com/organization/shibata-consulting,https://www.shibataconsulting.com,,,,,"0,5",06.02.2023 12:03:43,source1
c9dd0b23-525c-2739-0284-17967d309024,Finnveden Metal Structures AB,,,,,46-031-734-59-00,https://www.crunchbase.com/organization/finnveden-metal-structures-ab,,,,,,"0,5",12.02.2018 23:28:05,source1
3631fc99-420e-4476-b52a-cac59d76af71,LivedX,,,,,,https://www.crunchbase.com/organization/livedx,https://livedx.com/,,,,,"0,5",21.11.2022 4:00:53,source1
3259b431-7b66-ed33-561d-a3742c3e3214,Car Hire Bloemfontein,,,,,,https://www.crunchbase.com/organization/car-hire-bloemfontein,http://www.carhirebloemfontein.co.za,,,,,"0,5",12.02.2018 23:22:32,source1
3e3208ce-0858-ce01-48b4-927d021cdd9f,CANDID Cup,,,,,,https://www.crunchbase.com/organization/candid-cup,http://www.candidcup.com,,,,,"0,5",24.06.2019 21:29:49,source1
bcd15c24-6c2c-426c-88f2-504441a92852,Zhengyan Xinxi,,上海铮言信息技术有限公司 ,铮言信息,,,https://www.crunchbase.com/organization/zhengyan-xinxi,,,,,,"0,5",11.06.2020 9:06:21,source1
9f97a117-21c2-40f9-a177-353bc82f9110,E-ACTCLD-21 PDF Dumps,,,,,,https://www.crunchbase.com/organization/e-actcld-21-pdf-dumps,https://www.dumpscloud.com/exam/E_ACTCLD_21,,,,,"0,5",28.03.2023 11:41:02,source1
a75788f8-efe2-487c-bc19-dd086c35b17e,"CodeX,",,,,,,https://www.crunchbase.com/organization/codex-b17e,,https://www.linkedin.com/company/codex-stanford,,,,"0,5",31.03.2023 9:29:52,source1
bf353d1b-8339-4afe-a259-16416aa78385,Zhuhai Hengqin Shangding Touzi Qiye,,珠海横琴上鼎投资企业（有限合伙）,,,,https://www.crunchbase.com/organization/zhuhai-hengqin-shangding-touzi-qiye,,,,,,"0,5",06.04.2021 9:05:37,source1
03a2661b-2914-40dd-abea-d8899f722d24,SpotLite,,,,,,https://www.crunchbase.com/organization/spotlite-2d24,https://spotlite.com.au/,,,,,"0,5",29.03.2019 6:49:47,source1
8852d5f9-0054-4353-b640-2fd3c171514a,Effective SPLK-1003 PDF Dumps,,,,,,https://www.crunchbase.com/organization/effective-splk-1003-pdf-dumps,https://www.prepare4sure.com/SPLK-1003-braindump.html,,,,,"0,5",24.05.2022 8:19:50,source1
93937136-7852-bd26-17cf-38e7796c0cd5,Ontario Venture Capital Fund,,,,,,https://www.crunchbase.com/organization/ontario-venture-capital-fund,http://www.ovcf.com,,,,,"0,5",12.02.2018 23:56:27,source1
ab93f926-d3c5-a591-b64e-6e67866bcf15,Student Flats,,,,,,https://www.crunchbase.com/organization/student-flats,http://www.studentflats.com,,,,,"0,5",12.02.2018 23:59:50,source1
4b8fcc63-ab39-400f-8e9a-943f86700bba,Visionary C_S4FCF_1909 PDF Dumps Leading Exam Prep Source,,,,,,https://www.crunchbase.com/organization/visionary-c-s4fcf-1909-pdf-dumps-leading-exam-prep-source,https://www.dumpsvision.com/C_S4FCF_1909-test.html,,,,,"0,5",16.05.2022 8:07:11,source1
91949af7-09ed-49f0-9289-b1712ed02a18,Effective ANC-101 PDF Dumps,,,,,,https://www.crunchbase.com/organization/effective-anc-101-pdf-dumps,https://www.prepare4sure.com/ANC-101-braindump.html,,,,,"0,5",24.05.2022 5:40:37,source1
994aa39e-95be-47fa-954a-410a27fbc058,"2c9 Ventures, LLC",,,,,,https://www.crunchbase.com/organization/2c9-ventures-llc,https://www.2c9Ventures.com,,,,,"0,5",09.01.2019 2:14:19,source1
8f2f0474-7845-273d-aa93-277918ec1e77,Rage Quit TV,,,,,,https://www.crunchbase.com/organization/rage-quit-tv,http://www.ragequit.tv,,,,,"0,5",12.02.2018 23:47:21,source1
116f98d6-8452-ccce-5d85-dd8b19668339,GPS Connect,,,,,,https://www.crunchbase.com/organization/gps-connect,http://www.gpsconnect.ca,,,,,"0,5",20.07.2022 8:46:45,source1
7116088b-2167-2b9f-b556-67378915a3b6,Cupid on the Go,,,,,,https://www.crunchbase.com/organization/cupid-on-the-go,http://www.cupidonthego.com,,,,,"0,5",12.02.2018 23:24:43,source1
3c205dd7-b657-4ac6-b7bd-5258d8d03634,LOGIC,"LOGIC., Co.Ltd.",,,,,https://www.crunchbase.com/organization/logic-3634,,,,,,"0,5",17.03.2021 3:41:06,source1
40a283be-c6af-4cf6-b286-a069dcc221ef,RetailerInc,,,,,,https://www.crunchbase.com/organization/retailerinc,http://www.retailerinc.com,,,,,"0,5",10.09.2018 0:36:31,source1
1a7a9c6a-ea95-4f24-b18f-537a9958a6a9,Accurate PPS PDF Dumps,,,,,,https://www.crunchbase.com/organization/accurate-pps-pdf-dumps,https://www.dumpscollege.com/exam/PPS,,,,,"0,5",11.05.2022 17:34:13,source1
88943eac-7c5f-f272-1a17-113687c252e1,4SmartStreets,,,,,,https://www.crunchbase.com/organization/4smartstreets-2,https://www.4smartstreets.com/home,,,,,"0,5",12.02.2018 23:58:41,source1
65278bb4-9ce7-434a-f636-1013e4c92dd8,90 Hills Road,,,,,,https://www.crunchbase.com/organization/90-hills-road,http://90hillsroadcambridge.co.uk/,,,,,"0,5",14.05.2022 9:45:19,source1
b4ea7b27-625d-4f94-af13-58f4dcda3495,Utilize JN0-421 Exam Dumps For Prep,,,,,,https://www.crunchbase.com/organization/utilize-jn0-421-exam-dumps-for-prep,https://www.certsmate.com/juniper/JN0-421-dumps.html,,,,,"0,5",13.04.2022 6:27:16,source1
72c4c7db-9c02-6ade-7ab8-50f719bf109b,Ruxton Ventures,,,,,,https://www.crunchbase.com/organization/ruxton-ventures,http://www.ruxtonventures.com,,,,,"0,5",24.06.2019 22:19:59,source1
3ec345a2-7841-adcf-c570-0b782d5d0864,Crest Agro Products Farms,,,,,,https://www.crunchbase.com/organization/crest-agro-products-farms,http://www.crest-agro.com/,,,,,"0,5",28.08.2020 11:43:22,source1
83cf18a3-4d2b-6c97-0dcc-e539b7807987,Triangle Venture Alliance,,,,,,https://www.crunchbase.com/organization/triangle-venture-alliance,https://triangleventurealliance.org/,,,,,"0,5",26.02.2022 5:26:06,source1
6aeb8c10-e4e1-44fd-8c87-16111ee144ea,Crossroads Cannabis,,,,,,https://www.crunchbase.com/organization/crossroads-cannabis,https://crossroads-cannabis.com/,,,,,"0,5",03.03.2022 12:06:15,source1
287b44f0-6bf4-4b74-b61a-8ced09aee515,Buhbli Organics,,,,,,https://www.crunchbase.com/organization/buhbli-organics,https://www.buhbliorganics.com/,,,,,"0,5",24.01.2022 8:23:04,source1
32eac5a2-8c15-489f-b3c2-8906e46dbddb,Ace Exam with Updated ANC-101 Exam Dumps,,,,,,https://www.crunchbase.com/organization/ace-exam-with-updated-anc-101-exam-dumps,https://www.dumpspartner.com/ANC-101-cheat-sheet,,,,,"0,5",09.05.2022 7:12:37,source1
b1c6af95-f245-4208-9ad3-1015b2e4be72,Capital A Investment Partners,,,,,,https://www.crunchbase.com/organization/capital-a-investment-partners,https://www.capitalapartners.nl/over-ons,,,,,"0,5",11.03.2020 9:43:08,source1
d91f9c7f-9620-4e87-8256-22dbec373917,PDDM PDF Dumps To Upgrade Your Knowledge,,,,,,https://www.crunchbase.com/organization/pddm-pdf-dumps-to-upgrade-your-knowledge,https://www.dumpschief.com/PDDM-pdf-download.html,,,,,"0,5",24.06.2022 5:21:22,source1
689355df-bc54-4e20-891e-33c55f877243,WorkRemote,,,,,,https://www.crunchbase.com/organization/workremote,https://workremote.pt/,,,,,"0,5",31.01.2023 4:56:25,source1
8d4dde9a-6488-a756-1d59-e082b9d1741d,Press Box,,,,,,https://www.crunchbase.com/organization/press-box,http://www.pressboxapp.co,,,,,"0,5",10.09.2019 11:17:08,source1
68dfeb5b-d6db-4801-8c48-7637f6558bac,Notre Dame Elementary School,,,,,,https://www.crunchbase.com/organization/notre-dame-elementary-school,http://nde.org,,,,,"0,5",20.03.2023 14:42:02,source1
a7bfb26b-beeb-4c3a-97d6-35f4963a70c6,kyubinetwork,,,,,,https://www.crunchbase.com/organization/kyubinetwork,https://www.kyubinetwork.com/,,,,,"0,5",07.05.2021 7:03:55,source1
cd525b26-4bec-40b2-9f3e-834ad0875ccb,Looker-Business-Analyst Exam Dumps,,,,,,https://www.crunchbase.com/organization/looker-business-analyst-exam-dumps,https://www.pdfdumps.in/Looker-Business-Analyst-exam-questions.html,,,,,"0,5",14.03.2022 11:14:18,source1
77952bf6-f44a-aa2c-6121-eefa0fc42b37,Flow,,,,,,https://www.crunchbase.com/organization/flow-2,http://flowtype.o,,,,,"0,5",13.02.2018 0:00:35,source1
13094bfc-2548-3b39-ba1e-3a7f5e22b170,Location Genome,,,,,,https://www.crunchbase.com/organization/location-genome,http://locationgenome.com/,,,,,"0,5",12.02.2018 22:41:58,source1
df9b1765-84a0-44c7-8521-162e591d8606,Wiita Insurance Agency,,,,,(715)561-4487,https://www.crunchbase.com/organization/wiita-insurance-agency,,,,,,"0,5",12.02.2018 23:48:20,source1
2fdf550e-cc7e-428b-9a37-8ef497f919b6,Invax,,,,,,https://www.crunchbase.com/organization/invax,http://www.invax.co.jp/,,,,,"0,5",06.10.2019 17:55:19,source1
44c71089-6ee1-903e-f558-ada05e8404d7,Ocean Corporation,,,,,,https://www.crunchbase.com/organization/ocean-corporation,http://www.oceancorp.com/,,,,,"0,5",17.04.2018 17:17:26,source1
99bf4216-7559-4363-9694-d1eccc6047d0,Coly,,,,,,https://www.crunchbase.com/organization/coly-47d0,https://www.coly.io/,,,,,"0,5",29.04.2022 8:58:04,source1
015f3c91-6444-c4d4-05c2-af1087ed91cd,Whitehax,,,,,,https://www.crunchbase.com/organization/whitehax,http://mvs2i.com/,,,,,"0,5",24.06.2019 21:44:12,source1
b2295fc4-2feb-4399-98e0-7d1ee257c169,CopyHackrs,,,,,,https://www.crunchbase.com/organization/copyhackrs,https://www.copyhackrs.com,,,,,"0,5",09.03.2023 7:17:43,source1
6e75089b-8125-9fca-f775-f36a74784449,Evertrip,,,,,,https://www.crunchbase.com/organization/evertrip,http://www.evertripapp.com,,,,,"0,5",04.03.2022 16:21:57,source1
4edb3d49-2dc6-4950-90ae-33804339fc54,CTFL-MAT_UK_IE Dumps PDF For Prosperous Exam Preparation,,,,,,https://www.crunchbase.com/organization/ctfl-mat-uk-ie-dumps-pdf-for-prosperous-exam-preparation,https://www.dumpslocator.com/CTFL-MAT_UK_IE-exam-dumps.html,,,,,"0,5",14.05.2022 12:28:21,source1
9669cbbc-92cd-4ed2-8178-7b6c0fcd7203,Moallem,,,,,,https://www.crunchbase.com/organization/moallem,http://getmoallem.com/,,,,,"0,5",02.06.2021 9:48:31,source1
808b0c6f-84b3-4679-90f5-33f96b511a54,Well-Organized 1Z0-343 Dumps PDF Ideal to get ready,,,,,,https://www.crunchbase.com/organization/well-organized-1z0-343-dumps-pdf-ideal-to-get-ready,https://www.certsexpert.com/1Z0-343-pdf-questions.html,,,,,"0,5",17.03.2022 5:30:53,source1
018e81fa-260a-48c0-ac87-d2e55f9d9050,Authentic 71300X Dumps PDF for Short Prep,,,,,,https://www.crunchbase.com/organization/authentic-71300x-dumps-pdf-for-short-prep,https://www.braindumpsstore.com/avaya/71300x-dumps,,,,,"0,5",27.06.2022 12:04:57,source1
f2c1df04-d9e7-4b42-971a-06ade107b5b3,Visionary SAA-C02 PDF Dumps Top Exam Prep Way,,,,,,https://www.crunchbase.com/organization/visionary-saa-c02-pdf-dumps-top-exam-prep-way,https://www.dumpsvision.com/SAA-C02-test.html,,,,,"0,5",13.05.2022 7:52:48,source1
a1404a35-fc22-8727-bb23-ada7e47337e8,AI+ (AIplus),,,,,,https://www.crunchbase.com/organization/ai-aiplus,http://www.aiplus.us,,,,,"0,5",03.06.2019 8:08:49,source1
3e2bb000-26e1-4493-a261-561ae52b0b41,safiran,,,,,,https://www.crunchbase.com/organization/safiran,https://safiranedalat.com,,,,,"0,5",13.03.2023 13:50:31,source1
dcc60ceb-5d52-45c6-bd2b-265169935667,Utilize C_BW4HANA_24 Exam Dumps For Prep,,,,,,https://www.crunchbase.com/organization/utilize-c-bw4hana-24-exam-dumps-for-prep,https://www.certsmate.com/sap/C_BW4HANA_24-dumps.html,,,,,"0,5",14.04.2022 6:51:44,source1
d695efda-da1e-415b-872d-2f8a08d91b2d,MathPower AB,,,,,,https://www.crunchbase.com/organization/mathpower-ab,http://www.mathpower.se/,,,,,"0,5",07.03.2023 7:03:09,source1
ed157840-6c2e-560c-bb8f-b4d5a7a6a199,RentalCap,,,,,,https://www.crunchbase.com/organization/rentalcap,http://www.rentalcap.co,,,,,"0,5",25.05.2022 4:58:14,source1
48bd2a5a-e1b5-4541-a485-79f1369a1ee7,Intango Digital Marketing Accelerator,,,,,,https://www.crunchbase.com/organization/intango-digital-marketing-accelerator,https://ventures.intango.com/accelerator/,,,,,"0,5",07.01.2020 16:19:20,source1
1cb57035-3276-0f3b-2259-ce9e53f1854f,Ucuz Ukash,,,,,,https://www.crunchbase.com/organization/ucuzukash,http://www.ucuzukash.org/,,,,,"0,5",12.02.2018 23:30:11,source1
013715c9-b5ef-4a40-b333-69170009eb12,Voyley,,,,,,https://www.crunchbase.com/organization/voyley,http://voyley.com/,,,,,"0,5",12.12.2022 3:49:45,source1
2fd47f47-c89a-4f5a-ae0d-2fc0016da383,"FemTec Health, Inc.",,,,,,https://www.crunchbase.com/organization/femtec-health-inc,https://www.femtechealth.com/,,,,,"0,5",19.04.2022 11:43:27,source1
833f624b-feca-419c-a01c-5a233bc6f586,Jiufu Touzi,,久富投资,北京久富投资管理有限公司,,,https://www.crunchbase.com/organization/jiufu-touzi,,,,,,"0,5",03.06.2020 10:04:07,source1
e3028bef-f9e6-46dc-9139-6fa6ac6cdb86,Manage Your Study With Valid ICBRR Dumps PDF,,,,,,https://www.crunchbase.com/organization/manage-your-study-with-valid-icbrr-dumps-pdf,https://www.dumpslocator.com/ICBRR-exam-dumps.html,,,,,"0,5",14.05.2022 10:12:50,source1